3,tmall.com
4,baidu.com
5,qq.com
6,sohu.com
8,taobao.com
9,360.cn
12,jd.com
15,weibo.com
16,sina.com.cn
18,xinhuanet.com
24,zhanqi.tv
25,alipay.com
27,csdn.net
43,tianya.cn
53,yy.com
54,17ok.com
64,cnblogs.com
73,hao123.com
80,aliyun.com
81,bilibili.com
85,babytree.com
90,163.com
101,gome.com.cn
103,rednet.cn
104,zhihu.com
107,1688.com
126,cnzz.com
239,cnnic.cn
246,soso.com
252,tencent.com
260,efu.com.cn
264,zol.com.cn
280,sonhoo.com
322,ih5.cn
334,360doc.com
343,runoob.com
348,oschina.net
349,iyiou.com
353,liansuo.com
366,youku.com
387,iqiyi.com
388,tudou.com
443,gusuwang.com
455,w3school.com.cn
461,huaban.com
480,iweihai.cn
483,cnbeta.com
506,58.com
576,zhibo8.cc
588,vvvdj.com
601,wondershare.com
603,chaduo.com
614,dianping.com
637,youth.cn
649,baiducontent.com
667,it168.com
675,house365.com
679,pcbaby.com.cn
692,eastmoney.com
694,heytapmobi.com
701,iliangcang.com
710,umeng.com
715,eee114.com
726,huim.com
751,znds.com
753,52pojie.cn
765,chinaz.com
767,gamersky.com
769,huya.com
781,126.com
800,zcool.com.cn
821,oeeee.com
825,sina.cn
834,mydrivers.com
849,xiami.com
862,home77.com
867,eqxiu.com
870,xmnn.cn
877,4px.com
893,processon.com
900,renren.com
911,mi.com
933,kdslife.com
944,52pk.com
945,xiaomi.net
952,dangdang.com
997,ems.com.cn
1008,5118.com
1009,fotor.com
1024,ifeng.com
1028,ntp.org.cn
1044,365jia.cn
1046,jjwxc.net
1055,alimama.com
1064,guidechem.com
1084,imooc.com
1087,weibo.cn
1100,amazon.cn
1107,cyol.com
1127,bzw315.com
1130,shangxueba.com
1139,firefoxchina.cn
1156,21food.cn
1173,ynet.com
1173,alibabausercontent.com
1221,yinyuetai.com
1224,woshipm.com
1226,feishu.cn
1234,xtx6.com
1237,chinadaily.com.cn
1288,xgo.com.cn
1304,goldcarpet.cn
1341,5acbd.com
1342,mojifen.com
1348,lieyunwang.com
1351,anjuke.com
1352,docin.com
1365,acfun.cn
1380,dxy.cn
1386,gmw.cn
1403,dbankcdn.com
1409,3dmgame.com
1410,51job.com
1415,xiaomi.com
1426,familydoctor.com.cn
1443,sznews.com
1444,eccn.com
1452,nga.cn
1476,cootek.com
1488,10010.com
1497,ximalaya.com
1504,smartcloudcon.com
1508,kafan.cn
1511,2345.com
1538,66cruises.com
1539,9978.cn
1539,gcmcom.com
1564,7gz.com
1566,sunsu521.com
1573,hexun.com
1578,yinxiang.com
1584,qcloud.com
1586,d1ev.com
1598,epwk.com
1604,caichongwang.com
1618,dv37.com
1619,yxdown.com
1633,d1net.com
1648,rabbitpre.com
1675,jpush.cn
1705,gao7.com
1706,wanfangdata.com.cn
1707,xitek.com
1709,thepaper.cn
1710,wondershare.cn
1714,educity.cn
1722,zhaopin.com
1779,onlinedown.net
1780,cfsbcn.com
1781,dhgate.com
1795,cnki.net
1804,hea.cn
1806,teambition.com
1806,pstatp.com
1824,csai.cn
1829,12306.cn
1867,ca168.com
1867,ksmobile.net
1868,chinagate.cn
1882,shimo.im
1892,fanlibang.com
1894,gamedog.cn
1895,it1352.com
1922,sciencenet.cn
1935,jxmall.com
1939,b2b.cn
1945,vpgame.com
1985,battlenet.com.cn
2001,bozhong.com
2005,dangbei.com
2026,jiemian.com
2038,mockplus.cn
2047,10jqka.com.cn
2048,uc.cn
2051,kaitao.cn
2055,cctv.com
2056,study.com
2066,588ku.com
2069,chsi.com.cn
2081,strongest.cn
2082,sumitomokenki.com.cn
2088,tmtpost.com
2098,autohome.com.cn
2099,heytapdownload.com
2101,11467.com
2103,west.cn
2140,toutiao.com
2188,7po.com
2203,lamabang.com
2226,meizu.com
2244,mokahr.com
2267,eastday.com
2268,flyme.cn
2306,ppkao.com
2319,qhnmdb.com
2329,niaogebiji.com
2330,miaopai.com
2356,ksyun.com
2365,gfan.com
2367,aipai.com
2374,liepin.com
2427,youdao.com
2428,chemnet.com
2441,99yechang.com
2456,chuansong.me
2457,cloudscar.com
2471,alicdn.com
2492,hrloo.com
2493,zhangyu.tv
2521,youzan.com
2602,negociomulher.com
2605,kugou.com
2610,yunexpress.com
2611,fobshanghai.com
2612,sdo.com
2632,ooopic.com
2654,jpush.io
2669,lianjia.com
2682,haoyer.com
2685,hupu.com
2689,9game.cn
2693,uisdc.com
2705,u17.com
2733,100tal.com
2767,6789.com
2768,ujigu.com
2785,udesk.cn
2790,btcbay.net
2795,iteye.com
2822,flyertea.com
2834,sumibuy.com
2835,timeoutcn.com
2860,51cto.com
2863,easytomessage.com
2868,shifen.com
2893,wallstreetcn.com
2897,sm.cn
2899,lianlianpay.com
2914,zhuwang.cc
2957,cqhot.cn
2962,linkhaitao.com
2987,ca800.com
2988,jining.com
2989,qeqeqe.com
2997,wondershare.net
3010,izatcloud.net
3017,dcloud.io
3051,antfinancial-corp.com
3052,gold678.com
3093,ctrip.com
3095,ucloud.cn
3097,maidi.me
3106,shinezone.com
3111,desdev.cn
3130,tongdun.net
3134,zywjw.com
3137,eepw.com.cn
3151,ename.net
3159,tbcache.com
3175,mfisp.com
3205,bao315.com
3209,ichano.cn
3210,ftchinese.com
3223,duomai.com
3224,chuandong.com
3226,casicloud.com
3227,instrument.com.cn
3229,growingio.com
3236,doc88.com
3239,wzpcw.com
3250,newsmth.net
3268,china.com
3280,juming.com
3286,cps.com.cn
3287,dongsport.com
3288,geihui.com
3337,ofweek.com
3343,amz123.com
3345,szlcsc.com
3346,trueart.com
3379,duitang.com
3389,saraba1st.com
3409,istv.com.cn
3410,jmw.com.cn
3411,zxxk.com
3412,chuangkit.com
3416,gitee.com
3458,panelook.com
3465,mangoerp.com
3468,midea.com
3490,china.cn
3502,oklink.com
3505,icourse163.org
3537,flightclub.cn
3540,digitaling.com
3541,duba.com
3542,mabangerp.com
3548,book118.com
3549,g-fox.cn
3568,17house.com
3598,kanzhun.com
3600,aliyun-inc.com
3605,baidustatic.com
3628,cnki.com.cn
3640,cmbchina.com
3653,ixigua.com
3658,smzdm.com
3669,hket.com
3733,godic.net
3783,huawei.com
3788,51ade.com
3789,cqvip.com
3790,cr173.com
3798,jisilu.cn
3799,tesla.cn
3809,vmall.com
3831,cnstock.com
3832,easemob.com
3839,newduba.cn
3889,lusongsong.com
3889,miaozhen.com
3917,aies.cn
3929,chengdun.com
3930,freebuf.com
3931,fy169.net
3932,w7000.com
3966,10086.cn
3989,mydigit.cn
4053,elecfans.com
4062,jia400.com
4064,southmoney.com
4069,weimob.com
4078,segmentfault.com
4116,greenxf.com
4121,cdngslb.com
4148,jinshuju.net
4169,netease.com
4209,mysubmail.com
4213,mioffice.cn
4222,idianfa.com
4226,dmzj.com
4238,51php.com
4239,bendibao.com
4240,gushiwen.org
4241,uzzf.com
4254,hebnews.cn
4281,url.cn
4305,pjtime.com
4339,smm.cn
4346,votobo.com
4349,36kr.com
4390,zhipin.com
4396,zx123.cn
4411,qhyhgf.com
4428,lz13.cn
4444,lenovomm.com
4455,zybang.com
4472,ihain.cn
4473,myapp.com
4473,ijie.com
4487,189.cn
4495,mikecrm.com
4529,120ask.com
4544,xinpianchang.com
4546,xiachufang.com
4549,58pic.com
4560,haidaibao.com
4597,haozu.com
4602,yangkeduo.com
4605,huaxingchem.com
4618,21ic.com
4701,tapd.cn
4715,weiyun.com
4740,liecheng.cn
4741,tanx.com
4742,verydesigner.cn
4773,heytapimage.com
4794,yximgs.com
4796,wondershare.jp
4801,wechat.com
4806,pgyer.com
4812,cncn.org.cn
4813,panelook.cn
4814,zhiding.cn
4820,mediav.com
4862,wjx.cn
4892,3elife.net
4894,chmotor.cn
4895,iqsu.cn
4896,metroer.com
4897,mushroommarket.net
4898,ty360.com
4903,feijiu.net
4908,amemv.com
4914,kunlunsl.com
4955,wpdaxue.com
4963,jinse.com
4991,86pla.com
4992,chanmama.com
4992,qy.net
4993,zhaoshang.net
5004,flash.cn
5009,jobui.com
5020,newcger.com
5021,18183.com
5034,gifshow.com
5035,epower.cn
5054,1ppt.com
5058,macx.cn
5079,ali213.net
5082,asmag.com.cn
5084,cncv.org.cn
5085,huamu.com
5087,pchouse.com.cn
5103,elfsack.com
5119,ename.com
5120,pc6.com
5135,rcfans.com
5144,kdocs.cn
5151,9ku.com
5155,sellersprite.com
5184,open.com.cn
5187,wanyx.com
5188,wjyt-china.org
5193,32.cn
5195,phb123.com
5232,huijiwiki.com
5241,alipay.net
5243,alibaba-inc.com
5262,open-open.com
5269,5dcar.com
5280,cpic.com.cn
5294,sosocar.cn
5305,chinatt.com
5306,dapenti.com
5307,jlchina.cn
5308,jpyoo.com
5309,juanpi.com
5312,patfun.com
5313,viptijian.com
5314,yunpian.com
5320,ename.cn
5339,findlaw.cn
5359,xdrig.com
5379,bizport.cn
5423,techweb.com.cn
5425,lanhuapp.com
5436,baixing.com
5437,ccaonline.cn
5439,cebnet.com.cn
5440,chayu.com
5441,cheshen.cn
5442,ds-360.com
5445,siilu.com
5446,sodao.com
5447,solidot.org
5449,wto168.net
5516,vzan.com
5521,huajiarui.com.cn
5533,hunliji.com
5537,nearme.com.cn
5581,kongfz.com
5607,114la.com
5610,bookschina.com
5613,cn2che.com
5614,cnad.com
5615,gdwse.com
5616,itjuzi.com
5617,jinritemai.com
5618,jiushang.cn
5619,loupan.com
5621,tiancity.com
5622,yoger.com.cn
5624,crsky.com
5628,cedexis-test.com
5659,ydstatic.com
5661,pconline.com.cn
5662,speedtest.cn
5663,xcar.com.cn
5664,xuexila.com
5709,sogoucdn.com
5714,icbc.com.cn
5716,bytedance.com
5722,ksapisrv.com
5743,911cha.com
5766,zuimeitianqi.com
5780,lagou.com
5795,jb51.net
5820,16788.cn
5821,chinasexq.com
5824,epson.com.cn
5826,jizhangla.com
5826,avlyun.com
5828,juooo.com
5829,jianzhi8.com
5830,sensorsdata.cn
5831,wines-info.com
5842,ccb.com
5848,huxiu.com
5852,chinabus.info
5870,hpplay.cn
5871,a9vg.com
5910,x-mol.com
5939,dfcfw.com
5958,itheat.com
5959,zuche.com
5959,getui.net
5983,hqjm.cn
5999,china.com.cn
6036,360che.com
6037,cjdby.net
6038,cjn.cn
6039,juhe.cn
6041,myzaker.com
6042,nowcoder.com
6043,qiku.com
6045,taojindi.com
6046,th7.cn
6047,yiqifa.com
6052,gepush.com
6085,jeasyui.net
6086,missevan.com
6103,hjenglish.com
6153,mapbar.com
6175,youme.im
6214,foodmate.net
6278,ludashi.com
6311,shangyexinzhi.com
6315,adidas.com.cn
6317,cn-healthcare.com
6318,erji.net
6321,headphoneclub.com
6322,ht88.com
6323,ibabyzone.cn
6324,icq100.com
6325,job592.com
6328,pansoso.com
6330,tophere.cn
6331,wine-world.com
6369,kingtrans.cn
6421,audi-connect.cn
6422,8684.cn
6426,st001.com
6431,netease.im
6435,qiniup.com
6444,mihoyo.com
6449,51nb.com
6460,vhall.com
6466,127.net
6536,64365.com
6537,b2b168.com
6538,downcc.com
6539,kuwo.cn
6540,pinggu.org
6541,taodocs.com
6542,zqnf.com
6543,aliyuncs.com
6580,imiker.com
6603,chaoxing.com
6639,cri.cn
6643,traveldaily.cn
6660,61learn.com
6665,genban.org
6666,ilxdh.com
6668,niuche.com
6669,qdaily.com
6671,starbucks.com.cn
6672,tech-food.com
6673,tuliu.com
6674,xdf.cn
6675,zblogcn.com
6676,zglxw.com
6698,gitv.tv
6793,beijing-time.org
6844,tianyancha.com
6848,phome.net
6863,bytedance.net
6893,tradesns.com
6897,docer.com
7007,cocoachina.com
7013,19888.tv
7033,cootekservice.com
7041,liqucn.com
7060,cmpassport.com
7094,5idev.com
7096,belltrip.cn
7097,by56.com
7098,chinapnr.com
7099,cnr.cn
7100,dedecms.com
7101,itmop.com
7102,jss.com.cn
7103,ouyaoxiazai.com
7105,shangc.net
7106,studygolang.com
7108,zztuku.com
7117,upyun.com
7120,kmail.com
7151,frdic.com
7201,cdnbye.com
7232,xycdn.com
7260,starmerx.com
7323,mumayi.net
7377,ankerjiedian.com
7412,huajiao.com
7426,meituan.net
7453,xitongzhijia.net
7456,17ce.com
7462,pmcaff.com
7545,coinex.com
7596,youlai.cn
7634,wenjuan.com
7662,dyhjw.com
7680,caigou2003.com
7681,cli.im
7684,houxue.com
7687,midifan.com
7688,pdfdo.com
7689,pingan.com.cn
7690,spzs.com
7691,geekbuy.cn
7740,alikunlun.com
7750,ialicdn.com
7757,dm5.com
7771,iq.com
7836,sinaimg.cn
7859,babihu.com
7891,epoweroad.com
7903,asthis.net
7904,eb80.com
7905,hqew.com
7914,inmobicdn.net
7933,izihun.com
7983,shuzilm.cn
8012,sinaapp.com
8113,500.com
8186,bdsimg.com
8202,ebama.net
8219,360kan.com
8227,yuzhua.com
8265,easyicon.net
8276,ichuanglan.com
8336,917118.com
8357,kingdee.com
8385,voc.com.cn
8409,xiaohongshu.com
8432,95516.com
8441,p2cdn.com
8483,medsci.cn
8503,sharepoint.cn
8518,speiyou.com
8596,4399.com
8634,dolawing.com
8675,1kkk.com
8676,800bestex.com
8677,dede58.com
8678,leikeji.com
8683,vivo.com.cn
8685,263.net
8808,tingyun.com
8858,fengkongcloud.com
8884,wocloud.cn
8885,publiccms.com
8886,xjhr.com
8898,getui.com
8912,sspai.com
8982,leyantech.com
9030,mama.cn
9034,lailaib.com
9093,12365auto.com
9096,eastdesign.net
9097,mcmod.cn
9098,xuandan.com
9099,zhe800.com
9210,macklin.cn
9211,utt.com.cn
9238,chikiporn.com
9249,qiyi.com
9335,17zwd.com
9338,eascs.com
9339,idoup.com
9340,liuliangbao.cn
9342,stcn.com
9343,themebetter.com
9344,zhcw.com
9371,bdimg.com
9414,eyoucms.com
9418,jiegeng.com
9433,chiphell.com
9474,zto.com
9494,cstnet.cn
9497,om.cn
9498,shippingchina.com
9500,winshang.com
9501,zzhuti.com
9572,ithome.com
9604,id6.me
9635,esdict.cn
9636,haofang.net
9638,weain.mil.cn
9664,car-cloud-cn.net
9683,chicv.com
9734,deyi.com
9736,19lou.com
9749,lvmama.com
9761,voicecloud.cn
9767,oray.com
9806,czcb.com.cn
9808,libaclub.com
9809,qianmu.org
9812,vegaschina.cn
9813,zitian.cn
9855,meishij.net
9855,lsttnews.com
9908,eeworld.com.cn
9910,licess.com
9988,22.cn
9990,absin.cn
9992,hrecchina.org
10056,cn4e.com
10058,jdpay.com
10059,qqtn.com
10065,800best.com
10107,panasonic.cn
10115,bjshcw.com
10117,pospal.cn
10126,midea.com.cn
10148,gkstk.com
10159,iqilu.com
10162,huolala.cn
10163,voidcn.com
10181,flashget.com
10195,cd.com.cn
10197,doubo.tv
10198,stmcu.com.cn
10199,ui100day.com
10200,usidc.net
10200,wostore.cn
10202,fdzs21.com
10205,lining.com
10223,zhuna.cn
10253,eudic.net
10311,sygk100.cn
10331,17qq.com
10382,sxbsfy.com
10423,imolive2.com
10424,3618med.com
10427,gxsmusic.com
10428,ke.com
10431,psbc.com
10432,sci99.com
10434,uigreat.com
10435,xingzuo123.com
10436,135editor.com
10437,360doc.cn
10438,53kf.com
10441,androidchina.net
10442,bjtime.cn
10443,ecitic.com
10444,jia.com
10447,qiyexinyong.org
10448,to8to.com
10449,wdzj.com
10450,xitongcheng.com
10451,yeshen.com
10452,yoho.cn
10454,zhaopin.cn
10464,sxfuyifang.com
10479,servicewechat.com
10480,cisau.com.cn
10503,chsi.cn
10530,yuque.com
10556,sogo.com
10607,99bill.com
10631,5pao.com
10632,wnacg.org
10647,dockone.io
10682,discuz.net
10701,razersynapse.com
10705,dianxiaomi.com
10719,auxgroup.com
10720,bilibili.co
10721,cnwnews.com
10722,codesocang.com
10724,jinmi.com
10725,metalsinfo.com
10725,sports.cn
10726,nfyy.com
10730,sz-beitian.com
10731,wenjuan.net
10732,yatu.tv
10734,zyzhan.com
10735,cibntv.net
10764,cyzone.cn
10806,kuaishou.com
10860,quanxue.cn
10890,169ol.com
10895,yicai.com
10973,coding.net
11012,camscanner.com
11024,yidaba.com
11037,2898.com
11039,aipatent.com
11041,chazidian.com
11045,cnforex.com
11046,crup.com.cn
11047,dunkhome.com
11048,dzsc.com
11049,glofang.com
11050,ikcrm.com
11053,kuke.com
11054,laawoo.com
11056,sellingexpress.net
11057,shopxx.net
11058,xdjd.cn
11059,xht888.com
11062,zaoche168.com
11062,3322.net
11089,cjol.com
11148,sxl.cn
11182,764a.com
11212,oppo.com
11212,meitudata.com
11219,online.sh.cn
11226,sdbeta.com
11261,huodongxing.com
11262,yue365.com
11280,niubi.gg
11318,wondershare.es
11328,ccwin.cn
11336,sellermotor.com
11348,samsung.com.cn
11352,irs03.com
11355,netded.com
11361,cvte.com
11372,35.com
11430,2025china.cn
11431,2345.net
11432,56135.com
11433,998pu.com
11434,bjp321.com
11438,chiphome.com
11440,cio360.net
11443,dreams-travel.com
11444,ebeecake.com
11445,eeso.com
11447,foodjx.com
11449,holike.com
11451,ichunt.com
11453,imomoe.ai
11454,indochine.com.cn
11455,ipjingling.com
11457,jumei.com
11460,lecake.com
11461,ledinside.cn
11464,limong.com
11467,nei.com.cn
11469,nhe.cn
11471,osb.com.cn
11474,qzrc.com
11475,skxox.com
11476,suning.com
11477,testin.cn
11483,wdlinux.cn
11485,x-kicks.com
11486,yihaocar.com
11488,yiwan.com
11489,ylfx.com
11493,zuimeia.com
11497,xuexi.cn
11532,tuchong.com
11556,293.net
11585,ppt20.com
11587,game2.cn
11589,mbalib.com
11625,cngold.org
11674,cfi.cn
11739,digod.com
11748,360os.com
11832,todesk.com
11834,qegoo.cn
11862,xici.net
11862,2345.cc
11875,21rv.com
11876,163yun.com
11909,f3322.net
11910,mafengwo.cn
11911,meidebi.com
11912,yidianzixun.com
11913,iwencai.com
11925,ele.me
11937,cdn-go.cn
11939,feigua.cn
11984,kunluncan.com
11994,bmw.com.cn
12003,059a.com
12004,102tv.cn
12005,11315.com
12006,12345fund.com
12007,12371.cn
12008,123huodong.com
12010,175pt.com
12011,21cake.com
12013,22shop.com
12015,33456.com
12016,3454.com
12017,37.com
12020,51yangsheng.com
12025,7788.com
12027,8kana.com
12028,91boshi.net
12029,92wy.com
12030,9610.com
12031,98r.cn
12035,99zuowen.com
12038,aliued.cn
12039,aoji.cn
12041,bangtuike.com.cn
12041,52thing.com
12042,bbbao.com
12044,biodiscover.com
12048,bubuko.com
12053,carrefour.com.cn
12054,changjiangtimes.com
12056,chashebao.com
12058,chinairn.com
12059,chinaname.cn
12060,ugdtimg.com
12060,chuangxin.com
12063,cjzww.com
12064,cnpowder.com.cn
12065,creprice.cn
12067,csgje.com
12071,cwq.com
12072,cxw.com
12073,daimg.com
12074,demaxiya.com
12075,designboom.cn
12077,djye.com
12080,drugfuture.com
12083,eben.cn
12084,eoffcn.com
12085,erun360.com
12090,fenxs.com
12091,funi.com
12092,gacrnd.com
12094,geyanw.com
12095,gizwits.com
12096,gleasy.com
12097,go007.com
12103,gxbs.net
12104,haguan.com
12105,haoliv.com
12108,hiall.com.cn
12109,hisu.org
12113,hxsd.com
12117,iciba.com
12118,idtag.cn
12119,ielts999.com
12120,iianews.com
12124,itavcn.com
12125,itezhop.com
12126,ituring.com.cn
12128,jiangshi.org
12129,jiaoping.com
12130,jiazhao.com
12132,jmys168.com
12133,joyu.com
12134,jxedt.com
12135,jy510.com
12139,kukuw.com
12142,lanrentuku.com
12144,laomaotao.org
12145,lativ.com
12148,lingxi360.com
12149,lixinger.com
12150,loongtao.com
12151,looooker.com
12152,lxwc.com.cn
12154,maiche168.com
12155,majiamen.com
12157,mgtv.com
12160,mnks.net
12162,mumayi.com
12163,mybank.cn
12165,nanjixiong.com
12166,nd115.com
12169,networkbench.com
12170,newhouse.com.cn
12172,njhouse.com.cn
12174,nowscore.com
12175,object.com.cn
12176,ocg.com.cn
12177,oiegg.com
12178,okoer.com
12183,patentstar.cn
12184,payeco.com
12185,pbtxt.com
12188,ppypp.com
12190,puxiang.com
12191,qianqu.cc
12195,redatoms.com
12195,w7.cc
12196,rencaijob.com
12197,sdcms.cn
12198,sgou.com
12199,sh1122.com
12202,shijue.me
12203,shinyway.org
12205,fenxi.com
12206,shui5.cn
12207,shuichan.cc
12209,sodocs.net
12210,soulady.net
12211,spdb.com.cn
12215,sucaibar.com
12216,szhff.com
12219,taohuren.com
12221,tdzyw.com
12222,tedu.cn
12226,topease.net
12229,tuhu.cn
12230,tuilie.com
12231,tuitui99.com
12232,tuling123.com
12233,tuomao123.com
12234,ufeifan.com
12236,unispim.com
12237,uszcn.com
12238,v.com.cn
12240,verysource.com
12241,vmsky.com
12246,workec.com
12247,wpjam.com
12249,wuyou.net
12250,wwei.cn
12252,xiaodaoxing.com
12258,xq0757.com
12259,xunjk.com
12260,xxcb.cn
12261,yanshixin.com
12262,yaofang.cn
12263,ycgjj.com
12268,zdface.com
12270,zhaogepu.com
12273,zhongan.com
12274,zlw168.com
12279,pubyun.com
12300,cgown.com
12306,a5.net
12308,d.cn
12315,gxrc.com
12332,mob.com
12346,jqeux-p2p-hz.cn
12409,newsjianzhi.com
12412,kaoyan.com
12434,pipaw.com
12455,cn86.cn
12457,webmasterhome.cn
12475,hlgnet.com
12504,fairco.world
12522,wolai.com
12524,hujiang.com
12533,fliggy.com
12543,hshh.org
12545,amap.com
12554,youxiniao.com
12564,fx110.hk
12605,17jita.com
12629,ibw.cn
12632,ys7.com
12643,feimaoyun.com
12720,qiuziti.com
12757,jobcn.com
12764,yiihuu.com
12772,tclclouds.com
12776,aso100.com
12797,shoplazza.com
12805,pep.com.cn
12810,ywart.com
12819,g2url.cn
12825,001daima.com
12826,005.tv
12827,0575ls.cn
12828,0769pf.com
12830,100bt.com
12831,100run.com
12832,123ypw.com
12833,1626.com
12834,16xx8.com
12836,228.com.cn
12840,3366.com
12845,50vip.com
12848,51dzw.com
12849,51ppt.com.cn
12850,571xz.com
12851,5a5x.com
12852,5ucom.com
12855,703804.com
12856,7192.com
12857,chinagwy.org
12858,80vps.com
12861,91craft.com
12861,ivview.com
12862,91wan.com
12865,95k.com
12867,96weixin.com
12869,9duw.com
12870,9wanwan.com
12872,ivview.net
12875,aladdin-e.com
12876,alidns.com
12877,alloyteam.com
12878,alltobid.com
12880,amobbs.com
12882,asus.com.cn
12883,atteam.cn
12886,baby611.com
12887,baifendian.com
12888,banggood.cn
12889,baobeio.com
12889,zxart.cn
12890,beianx.com
12891,bengbeng.com
12892,bidcenter.com.cn
12893,bidchance.com
12894,biketo.com
12896,bjdvd.org
12898,bjspw.com
12904,cbnweek.com
12908,ceve-market.org
12909,changba.com
12910,chem17.com
12911,chinacache.com
12912,chinamsr.com
12915,chukong-inc.com
12916,chytey.com
12917,cidianwang.com
12920,cmseasy.cn
12922,cn-weige.com
12927,codeceo.com
12929,codesec.net
12935,cztv.com
12943,dili360.com
12945,disktool.cn
12952,doyo.cn
12953,drv5.cn
12954,dujiza.com
12957,dz100.com
12961,edudisk.cn
12963,elvxing.net
12964,esshangpu.com
12966,faxingzhan.com
12967,fenbi.com
12968,fh21.com.cn
12969,freekaoyan.com
12971,fuwo.com
12972,fwxgx.com
12977,game5.com
12979,ganso.com.cn
12981,gaokao.com
12983,gaoxiaojob.com
12986,giabbs.com
12987,goalchina.net
12988,gokuai.com
12989,golaravel.com
12990,guanaitong.com
12992,guju.com.cn
12995,haitou.cc
12995,yc717.com
12996,hao4k.cn
12998,henizaiyiqi.com
13003,hrtv.cn
13006,huweishen.com
13007,hxedu.com.cn
13008,hxrc.com
13012,idzoom.com
13015,ihacksoft.com
13016,ijianji.com
13017,ijinshan.com
13017,pianmenshengyiw.com
13018,ijjnews.com
13019,information88.com
13020,ipin.com
13021,ispeak.cn
13022,itedou.com
13023,itheima.com
13024,ixueshu.com
13025,izaojiao.com
13027,jc56.com
13028,jdzj.com
13029,jianke.com
13032,jjlg.com.cn
13034,js-lottery.com
13035,juesheng.com
13036,jukuu.com
13037,juxia.com
13038,jz100.com
13040,keruyun.com
13042,kindeditor.net
13043,kktv5.com
13045,kocla.com
13049,wsds.cn
13050,kuaishang.cn
13051,kumi.cn
13052,ky188.cn
13053,laod.cn
13054,laomaotao.net
13055,lapin365.com
13056,ldbj.com
13057,leanote.com
13058,leleketang.com
13059,lemeids.com
13060,lenosoft.net
13061,leshou.com
13063,lianshang.com
13064,liketry.com
13065,linkshop.com.cn
13067,llzg.cn
13068,lnca.org.cn
13070,longau.com
13072,lthack.com
13076,luxehi.com
13080,meet99.com
13082,meiriyiwen.com
13083,meizhou.cn
13085,mindstore.io
13087,mm111.net
13093,mseav.com
13098,nbmai.com
13099,neb-china.com
13100,ninghao.net
13101,njp.com.cn
13102,nmec.org.cn
13103,noi.cn
13105,oio.cn
13108,oneapm.com
13111,photofans.cn
13112,phperz.com
13113,pkulaw.cn
13114,plp.com.cn
13116,psjia.com
13118,qcdy.com
13119,qianyan.biz
13120,qiaobutang.com
13121,qj.com.cn
13122,qqcf.com
13124,quji.com
13125,qumei.com
13126,qy01.cn
13129,rhs.com.cn
13130,romzhijia.net
13130,kingsoft.com
13132,ruijie.com.cn
13133,safetree.com.cn
13135,scholarmate.com
13136,seed-china.com
13141,shgjj.com
13142,shh28.com
13143,shiyebian.net
13144,shjubao.cn
13146,shouji.com.cn
13147,shuame.com
13148,shuowan.com
13151,sinobook.com.cn
13152,sj00.com
13154,smartpigai.com
13157,spc365.com
13158,sssc.cn
13161,suchso.com
13162,swiper.com.cn
13163,swoole.com
13164,sxsoft.com
13165,szcw.cn
13166,szlib.org.cn
13167,talkingdata.com
13169,taoad.com
13171,testerhome.com
13172,thebigdata.cn
13174,tiansin.com
13175,ticwear.com
13176,tm.cn
13177,toutiao.io
13178,treasurer.org.cn
13179,tuyitu.com
13181,txwy.com
13182,tz100.com
13183,ubuntukylin.com
13184,upaiyun.com
13185,upan.cc
13189,vivijk.com
13191,vpsmm.com
13193,waimaodata.com
13194,wanchengwenku.com
13197,wdku.net
13199,weico.com
13200,win7zhijia.cn
13201,windowszj.com
13204,wo116114.com
13207,xchen.com.cn
13208,xd61.com
13209,xiangrikui.com
13210,xianzhenyuan.cn
13211,xiaoshouyi.com
13212,xiaoyun.com
13213,xinanidc.com
13214,xkb.com.cn
13215,xker.com
13216,xs8.cn
13218,xuekewang.com
13219,xunbaozhifu.com
13222,yakult.com.cn
13224,yeepay.com
13225,yiqig.cn
13228,yonyou.com
13229,yp900.com
13230,yuanlin.com
13230,43626.com
13233,yumi.com
13235,zaih.com
13236,zentao.net
13239,zhangxinxu.com
13240,zhbit.com
13240,guajiba.com
13242,zhongguozhaoshang.com
13243,ziqiangxuetang.com
13246,zol.com
13251,zuqiuba.cc
13252,zx98.com
13290,bootcss.com
13291,jiaodong.net
13292,u148.net
13319,chukou1.com
13363,alexa.cn
13364,duba.net
13365,replays.net
13373,azure.cn
13375,yundaex.com
13388,beisen.com
13389,eetrend.com
13390,lifeweek.com.cn
13391,yiichina.com
13422,cfw.cn
13453,52doweb.cn
13471,viabtc.com
13481,zgjm.org
13570,leha.com
13585,pinduoduo.net
13701,zhhainiao.com
13712,dianxiaomi.cn
13776,intsig.net
13805,hikvision.com
13812,kunlunar.com
13859,laiwang.com
13862,eeo.cn
13864,artron.net
13918,91tata.com
13935,114la.la
13938,kankv.com
13941,biki.com
13946,caiguu.com
13949,colipu.com
13953,huixiumei.com
13957,mjzsw.com
13959,sciencehr.net
13965,tpucl.com
13966,tuoluocaijing.cn
13968,xuannaer.com
13970,kingsoft.net
13974,zqy.com
13975,zuowenhui.com
14034,dnsv5.com
14041,ecv360.com
14063,0731jiaju.com
14065,107cine.com
14066,12306.com
14067,15tianqi.com
14069,1688e.net
14075,3tii.com
14076,508net.com
14077,510hr.com
14081,72g.com
14082,756u.com
14083,77bike.com
14086,7sown.com
14088,8264.com
14090,91jinrong.com
14092,99jianzhu.com
14093,a.com.cn
14094,abletive.com
14095,aboutcg.org
14099,aijianji.com
14100,aixuexi.com
14102,android-doc.com
14103,anywlan.com
14105,artspy.cn
14107,baicaio.com
14113,benlai.com
14114,bh5.com
14115,biyao.com
14118,bjzq.com.cn
14119,bkjk.com
14121,boohee.com
14122,bookask.com
14124,bukop.com
14125,bumimi.com
14126,bzfxw.com
14127,3g.cn
14128,cbrx.com
14129,ccf.org.cn
14131,cecb2b.com
14132,cechina.cn
14133,chengshiluntan.com
14134,cheshi.com
14135,chinafix.com
14136,chinasalestore.com
14137,chinaticket.com
14138,chinaunicom.cn
14139,chinaventure.com.cn
14140,chongya.com
14141,voiceads.cn
14144,cndns.com
14145,cnfrandy.com
14147,cnhnkj.com
14149,codeforge.cn
14150,cofeed.com
14151,colg.cn
14152,comsenz.com
14153,converse.com.cn
14155,cssmoban.com
14156,ctiku.com
14157,cuishifeng.cn
14159,daimugua.com
14161,dd4.com
14162,diaox2.com
14164,dongqiudi.com
14166,duobei.com
14167,eaonline.com.cn
14168,eechina.com
14170,enf.com.cn
14171,ex-silver.com
14172,f3322.org
14173,fabao365.com
14174,fanli.com
14178,fj987.com
14182,gameabc.com
14184,genomics.cn
14185,gensee.com
14186,gerensuodeshui.cn
14187,gimoo.net
14188,globalbuy.cc
14190,goldtoutiao.com
14191,goodgupiao.com
14194,gwyoo.com
14196,gxzpw.org
14197,haodanku.com
14198,hndnews.com
14201,hr.com.cn
14202,httpcn.com
14203,huiyi8.com
14204,huodongjia.com
14205,huzhan.com
14208,ihei5.com
14210,ijiandao.com
14211,ikan.cn
14212,ikang.com
14214,imququ.com
14216,iqianjin.com
14217,it985.com
14218,itdcw.com
14222,ji36.com
14223,jiaji.com
14224,jiaoshi.com.cn
14226,jiwu.com
14228,jmbbs.com
14229,kingsoft.cn
14230,langlib.com
14231,leiphone.com
14232,liulichangchina.com
14233,longcai.com
14234,lookerchina.com
14236,lspjy.com
14237,luohuedu.net
14238,magme.cn
14239,manmanbuy.com
14240,maoyan.com
14242,matrixpartners.com.cn
14243,maxthon.cn
14251,mindmanager.cc
14253,mmsonline.com.cn
14256,nbs.com.cn
14260,nrf.com.cn
14261,o2-gyyc.com
14262,olb.cn
14263,onedow.com
14264,openedu.com.cn
14265,openedv.com
14266,opsteel.cn
14267,otomedream.com
14272,poppur.com
14274,ppkoo.com
14275,qdn.cn
14276,qfxcha.com
14277,qiangmi.com
14281,quanmama.com
14282,quanshi.com
14283,quna.com
14286,redocn.com
14292,sccnn.com
14295,shandjj.com
14296,sharebank.com.cn
14297,shmet.com
14301,shumenol.com
14302,sinogoodies.com
14304,softic.com.cn
14307,srzb.com
14308,studyez.com
14310,suibi8.com
14313,szhgh.com
14314,ikeynote.cn
14315,t0001.com
14317,tcm100.com
14320,tirechina.net
14323,tousu.org.cn
14325,uooconline.com
14327,vgtime.com
14329,vipkid.com.cn
14330,vipmro.net
14333,voguemate.com
14334,w3ctech.com
14335,wang1314.com
14337,weidai.com.cn
14340,windows7en.com
14341,wo.com.cn
14344,wufun.net
14345,wyzxwk.com
14348,xianshiw.com
14349,xiaoji001.com
14351,xijie.com
14352,xinli001.com
14353,xskhome.com
14355,xuetu.com
14356,cyxb.com
14357,xxxxxbbs.com
14358,yangtse.com
14359,yanyue.cn
14360,yimei188.com
14370,ziyuanku.com
14371,zxtsg.com
14375,hbtv.com.cn
14392,meitustat.com
14409,ks-cdn.com
14449,dior.cn
14483,e21.cn
14485,uczzd.cn
14496,idting.com
14520,goepe.com
14524,ankai.com
14540,teddymobile.cn
14551,kunlungr.com
14652,zbj.com
14696,win007.com
14712,taptap.com
14714,sucai58.com
14715,quandashi.com
14720,fxltsbl.com
14736,yaochufa.com
14741,cqnews.net
14780,kancloud.cn
14790,jzb.com
14791,zhujiceping.com
14801,yiibai.com
14809,galaxyappstore.com
14838,downza.cn
14889,yuwenmi.com
14897,tanwanly.com
15107,baidupcs.com
15169,asianmetal.com
15171,qpic.cn
15219,hermesbelts.com
15239,lunwenstudy.com
15254,microvirt.com
15260,gdtimg.com
15270,like-video.com
15282,chinaxiaokang.com
15357,pfcexpress.com
15386,90sheji.com
15388,300624.cn
15435,douyucdn.cn
15439,now.cn
15510,oray.net
15512,alipay-inc.com
15527,ykimg.com
15530,qianlai8.com
15574,0757rc.com
15575,1010jiajiao.com
15577,17game.com
15579,1rwd.com
15581,2156.cn
15583,2lyx.com
15584,3798.com
15585,39.net
15587,3gmfw.cn
15588,51live.com
15590,59pi.com
15591,5ding.com
15592,5ibc.net
15593,5zd.com
15594,61ef.cn
15595,700du.cn
15597,78dm.net
15599,7wenta.com
15600,7xz.com
15601,81pan.com
15602,8884321.com
15605,9618968.com
15606,9669.cn
15607,973.com
15610,adquan.com
15617,amac.org.cn
15618,amanbo.com
15619,ancii.com
15620,androidinvest.com
15621,anglo-chinese.com
15623,aps.org.cn
15627,babel.cc
15628,baichuanweb.com
15629,baiduyunpan.com
15631,banggo.com
15633,beephone.club
15634,bendiso.com
15636,bixishang.com
15637,bj686.com
15638,bjx.com.cn
15639,boce.cn
15640,boji.cn
15641,bokesoft.com
15642,boobooke.com
15643,bookzhai.com
15646,bubukua.com
15646,dichan.com
15647,budejie.com
15648,bujie.com
15650,cailianpress.com
15652,cecol.com.cn
15653,ceiea.com
15654,cena.com.cn
15656,chinabaike.com
15657,chinabidding.org.cn
15658,chinacir.com.cn
15660,chinahightech.com
15662,chinapp.com
15663,civilcn.com
15663,tenda.com.cn
15666,cncrk.com
15667,cowlevel.net
15668,creativemotor.com
15669,cs090.com
15671,danjuanapp.com
15674,datayes.com
15675,daxuecidian.com
15678,dianwoba.com
15680,div.io
15682,dns0755.net
15684,duanwenxue.com
15685,duwenz.com
15687,eeo.com.cn
15689,embedfire.com
15691,enfamily.cn
15693,etyyy.com
15694,fanw8.com
15695,fashaoyou.net
15697,fhtpay.com
15698,filmaker.cn
15700,fjkjks.com
15701,fob001.cn
15707,gdfs.com
15708,genshuixue.com
15709,getitfree.cn
15712,gogoup.com
15713,gongye360.com
15714,guanggoo.com
15715,guiguanrc.com
15724,hf60.net
15726,hi138.com
15728,hizbo.com
15729,hlzx.com
15731,horou.com
15733,hsex.tv
15735,iabrasive.cn
15736,ibidian.com
15737,icgoo.net
15740,ipadown.com
15742,ittime.com.cn
15745,jeecms.com
15746,jiae.com
15747,jianliben.com
15748,jiaoyizhe.com
15750,jiuxian.com
15751,jj.cn
15752,jlonline.com
15753,jobbaidu.com
15754,joinquant.com
15755,julur.com
15756,jxcad.com.cn
15759,knewone.com
15760,kq36.com
15761,kuaifawu.com
15762,kuaiji.com
15764,lanjinger.com
15765,leancloud.cn
15767,lgmi.com
15768,linkgou.com
15769,linuxeden.com
15770,luoxiao123.cn
15773,maldun.com
15784,newmotor.com.cn
15786,nongjigou.cn
15787,vxinyou.com
15789,ofcard.com
15790,okhqb.com
15791,oppsu.cn
15795,patent9.com
15796,patentstar.com.cn
15797,phxg.cn
15798,pingpang.info
15801,putclub.com
15802,pv-mall.com
15803,qccr.com
15805,qingchengfit.cn
15806,qingcloud.com
15810,rhy.com.cn
15812,rsdown.cn
15813,sanhao.com
15814,santongit.com
15816,sc518.com
15821,sflep.com
15822,sg560.com
15823,shanbay.com
15825,shihuo.cn
15829,sinotf.com
15834,somao123.com
15835,songxiaocai.com
15836,srssn.com
15837,ssnewyork.com
15839,supermap.com.cn
15842,t00ls.net
15843,tadu.com
15845,tc711.com
15846,termoteknik.cn
15847,thinksaas.cn
15848,threedbook.com
15848,ipinyou.com
15850,tmsf.com
15851,tobaccochina.com
15852,topbiz360.com
15853,tourunion.com
15857,ugsnx.com
15861,vans.com.cn
15862,veryeast.cn
15866,wangyanpiano.com
15867,wearproof.cn
15869,weixinyunduan.com
15871,winechina.com
15873,wn789.com
15874,wofang.com
15875,womai.com
15877,wozhongla.com
15878,wtdgps.com
15879,wugu.com.cn
15883,xinnet.com
15884,xinrong.com
15887,xknc.net
15888,xlobo.com
15890,yac8.com
15892,yanxiu.com
15893,yaowan.com
15896,yiqihao.com
15897,yiso.com.cn
15898,youkelai.com
15899,youyuan.com
15900,yto5.cn
15901,yw11.com
15902,zara.cn
15903,zbyzbyzby.com
15906,zhenhaotv.com
15907,zhuici.com
15910,zph.com.cn
15912,zxjsq.net
15913,zymkcdn.com
15938,3d66.com
15949,yuanshen.com
15966,nowmsg.com
16087,univs.cn
16128,8686c.com
16129,tbcdn.cn
16161,iconfont.cn
16225,yupoo.com
16275,zzz4.com
16285,mangabank.org
16319,aisee.tv
16351,3.cn
16354,miwifi.com
16375,chromehearts.com.co
16515,unity.cn
16667,csdnimg.cn
16679,hicloud.com
16778,qxwz.com
16813,bytecdn.cn
16862,bapehoodie.us
16950,hsbianma.com
16951,xuangubao.cn
17003,muchong.com
17031,igrimace.com
17039,duowan.com
17067,i3dpworld.com
17173,alikunlun.net
17292,cnlinfo.net
17362,jsgcks.com
17367,ename.com.cn
17372,verydz.com
17491,aliresearch.com
17492,mairuan.com
17494,mituo.cn
17540,msstatic.com
17556,boce.com
17607,jin10.com
17608,dingtalk.com
17688,hnedu.cn
17693,qiniudns.com
17705,baidubce.com
17708,pingan.com
17724,dcxw.org
17796,fndtech.com
17831,midasbuy.com
17832,xiaojukeji.com
17894,11lu.net
17916,9ddm.com
17954,wiwide.com
18002,lepumedical.com
18060,mipcdn.com
18066,137365.com
18067,21-sun.com
18071,515ppt.com
18073,51pla.com
18074,58food.com
18075,591moto.com
18076,5nd.com
18077,70dir.com
18079,9-5.cc
18082,99ppt.com
18086,anzhi.com
18088,baike.com
18090,bijiaqi.com
18094,cbaigui.com
18095,ccmn.cn
18096,chinauos.com
18097,chnsia.com
18098,chouti.com
18100,cls.cn
18102,compass.cn
18103,cqccms.com.cn
18105,cybozu.cn
18106,damai.cn
18108,dcits.com
18109,dell-brand.com
18110,delta-china.com.cn
18113,do1.com.cn
18116,easyliao.com
18116,tradplus.com
18117,ebdoor.com
18119,es86.com
18120,etao.com
18125,fensii.com
18130,guanyierp.com
18131,guifun.com
18132,guzheng.cn
18133,gzhc365.com
18134,gzl.com.cn
18135,haohaozhu.com
18136,hishop.com.cn
18137,hjfile.cn
18143,huicaiba.com
18146,ickey.cn
18153,jnnews.tv
18154,joomlagate.com
18159,lceda.cn
18160,leemanchina.com
18164,locoy.com
18165,ltaaa.com
18166,lu.com
18167,luobowin8.com
18171,medlive.cn
18173,microsoftonline.cn
18174,mmbang.com
18175,mobgi.com
18177,mohou.com
18179,myqnapcloud.cn
18180,net114.com
18183,omron.com.cn
18187,pgp.cn
18193,sanluan.com
18194,sansimai.com
18195,sbar.com.cn
18198,offwhitexjordan1.com
18199,senterxljk.com.cn
18202,shufawu.com
18204,staples.cn
18206,szxqcjj.com
18207,takesend.com
18210,th1998.com
18211,tonbao.com
18214,tutujia.com
18215,ule.com
18216,uniontech.com
18219,c-ctrip.com
18221,waimaoniu.com
18222,webtrn.cn
18223,wemew.cn
18224,wendangku.net
18225,wkzuche.com
18226,xiaogj.com
18227,xiguaji.com
18228,xincailiao.com
18229,xitongtiandi.net
18230,yc58.com
18234,z01.com
18236,zhijinwang.com
18262,pingpongx.com
18345,apeuni.com
18349,bioon.com.cn
18403,huorong.cn
18471,5156edu.com
18476,zoosnet.net
18478,slooks.top
18521,163jiasu.com
18569,goldengoose-sneakers.us
18646,admaster.com.cn
18749,nikereact.org
18759,kunlunca.com
18780,ronghub.com
18824,av380.net
18865,699pic.com
18871,wanyol.com
18887,hstgps.com
18924,shuoren.com
18929,goldengoosesneakers.us
18992,likevideo.cn
19165,eurekaenv.com
19205,ipip.net
19290,wps.cn
19296,jiadianol.com
19333,yiwugo.com
19336,nbd.com.cn
19396,16pic.com
19422,pdfxd.com
19432,hzvtc.cn
19461,kajicam.com
19491,gw-ec.com
19526,wxedu.com.cn
19560,jxcxy.com
19621,gridsumdissector.com
19688,mcrst.com
19791,centanet.com
19815,nasimobi.com
19816,iliferobot.cn
19865,sport.org.cn
19922,csdlfj.com.cn
20182,5grom.cn
20196,startssl.com
20249,kuaidi100.com
20253,beareyes.com.cn
20263,thewto.com
20282,chatnos.com
20283,faceu.mobi
20289,wangguai.com
20402,gxgroow.com
20403,drivergenius.com
20433,sjzdaily.com.cn
20464,t.cn
20474,duxiaoman.com
20489,chinahaoyuan.com
20610,soundai.cn
20660,bigfun.cn
20684,cnaidc.com
20702,glkky.com
20753,kunlunno.com
20786,alibaba.com.cn
20790,huaue.com
20826,zhuming.cc
20849,9939.com
20868,seowhy.com
20931,21mould.net
20942,titan24.com
20971,cailongtong.com
20987,wxy99.com
21012,moegirl.org.cn
21046,xinmin.cn
21053,optimix.cn
21064,kuaishoupay.com
21065,osgeo.cn
21065,cnxz.cn
21073,qianxun.com
21162,cedock.com
21254,bankcomm.com
21343,kunlunso.com
21434,9ask.cn
21510,cocos.com
21605,cnjiwang.com
21623,qingting.fm
21675,alisoft.com
21689,woyaowz.net
21704,funshion.com
21711,aigei.com
21844,tb.cn
21846,rising.cn
21850,3322.org
21916,photophoto.cn
21972,cifnews.com
22038,falundafa.org
22081,aaa123.org.cn
22124,xueersi.com
22129,cloudwarm.com
22247,pchome.net
22258,rwx168.com
22297,xesv5.com
22299,kwimgs.com
22320,liebao.cn
22321,bandao.cn
22325,offcn.com
22326,officezhushou.com
22327,ruiwen.com
22328,thea.cn
22329,tita.com
22330,xunlei.com
22332,ynet.cn
22347,acc5.com
22348,bdstatic.com
22351,extfans.com
22352,ghzs.com
22353,qianzhan.com
22354,qunzou.com
22374,bmcx.com
22375,gaitubao.com
22380,yunduoketang.com
22381,zhitongcaijing.com
22383,yuloo.com
22434,linkedin.cn
22457,8yx.com
22469,technews.tw
22474,sseuu.com
22477,6ask.net
22538,yuhedata.com
22547,wowchina.com
22556,auto18.com
22610,sobot.com
22616,gjart.cn
22625,kinemasters.com
22627,qingflow.com
22682,yigocn.com
22693,dftoutiao.com
22706,tencentmusic.com
22714,h2o-china.com
22732,hbgk.net
22834,hsdkg.net
22844,yiche.com
22902,chinabidding.com
22964,pp.cn
22997,koolshare.cn
23037,yinhe.net
23051,moji.com
23065,vhostgo.com
23070,kwaixiaodian.com
23118,vip.com
23201,mineros.cn
23304,zhuangyi.com
23307,firefox.com.cn
23414,jlsgzkxw.com
23422,jlzgjy.com
23454,jigongjianzhu.com
23455,aopengzuoye.com
23507,skyrichpower.com
23559,newsmy.com
23596,10000.gd.cn
23597,10bests.com
23599,135309.com
23600,148-law.com
23601,17jiaoyu.com
23602,192ly.com
23603,1th.cn
23604,21cnjy.com
23605,2265.com
23606,233.com
23608,31huiyi.com
23609,3ddayin.net
23609,xibeiwujin.com
23611,49pic.com
23613,500d.me
23614,51555.net
23615,51985.net
23618,51hei.com
23623,56.com
23624,5999.tv
23625,59baike.com
23627,5jw.cn
23628,5tu.cn
23628,oneplus.cn
23629,66law.cn
23630,680.com
23634,797rs.com
23648,91danji.com
23650,abgree.com
23651,aboutyun.com
23654,admin5.com
23658,aichagu.com
23661,aladdin-rank.com
23662,albiz.cn
23665,alighting.com
23666,alitrip.com
23668,antpedia.com
23671,asklib.com
23673,atyun.com
23678,baimin.com
23679,bangboer.net
23680,bangxuetang.com
23681,banjiajia.com
23682,betopgame.com
23684,bgconverter.com
23687,bigbigwork.com
23688,bio-equip.com
23690,biomart.cn
23691,biz72.com
23692,bjdcfy.com
23693,bkill.com
23695,bodejy.cn
23697,boke8.net
23697,zookingsoft.com
23698,bootcdn.cn
23702,bsed.cn
23704,c0188.com
23705,c4dco.com
23707,cancer123.com
23708,cardbaobao.com
23710,cb426.com
23712,cecc.org.cn
23713,ceeaa.org.cn
23714,cftea.com
23715,chanpin100.com
23716,chem960.com
23720,chot.cn
23721,chuairan.com
23722,chunyuyisheng.com
23723,cjfx.cn
23724,cncglx.com
23725,cnfeol.com
23726,cnfood.cn
23727,cnlist.org
23728,cntv.cn
23729,codingdict.com
23731,cosci-med.com
23735,czvv.com
23736,daokeyuedu.com
23738,dayu.com
23739,dhumedia.cn
23740,dida365.com
23745,discuz.com
23751,doczj.com
23753,dongao.com
23759,duanmeiwen.com
23760,duote.com
23761,dxsbb.com
23762,eduyunhen.com
23763,eefocus.com
23764,eggvod.cn
23766,elasticsearch.cn
23767,elitebackground.cn
23769,enet.com.cn
23772,expreview.com
23773,feige.ee
23774,fengniao.com
23775,fengone.com
23779,firebbs.cn
23780,flyertrip.com
23782,foxitsoftware.cn
23784,friendflow.cn
23785,frxs.com
23788,gaosan.com
23791,getquicker.net
23792,gexing.com
23793,ggdzhj.com
23796,globrand.com
23799,gongchang.com
23800,gooole.cn
23801,grabsun.com
23804,gsdpw.com
23805,guangdada.net
23806,gucheng.com
23807,gujiushu.com
23808,gwdang.com
23810,gxsky.com
23815,hangzhouluohu.com
23818,haoysoft.com
23820,hdzygw.com
23822,higeshi.cn
23823,hipac.cn
23828,huangye88.com
23829,huigetv.com
23830,huitun.com
23831,huke88.com
23832,hunjia520.cn
23833,hvacunion.cn
23836,i5a6.com
23838,iaxure.com
23839,ibling.cc
23840,icauto.com.cn
23842,ikanchai.com
23843,ikoori.com
23846,iqiyipic.com
23848,it610.com
23849,itbulu.com
23850,jalcsh.com
23853,jcrb.com
23854,jiangdatech.com
23856,jiepei.com
23857,jquerycn.cn
23862,kelu.org
23863,kengdie.com
23864,keoaeic.org
23865,keyshot.pro
23867,knet.cn
23868,knnnj.com
23869,kongfz.cn
23870,51.net
23873,landipeixun.com
23878,letpub.com.cn
23882,lightmake.cn
23885,liuzk.com
23886,liveinau.com
23888,lizhiweike.com
23889,louyue.com
23890,lovfp.com
23891,luo8.com
23892,maishoudang.com
23893,manfen5.com
23894,mcmap.cc
23899,mi818.com
23900,microbell.com
23901,midi123.vip
23904,mmpxwl.top
23905,mobanwang.com
23910,mroyal.cn
23910,pgzs.com
23917,mz6.net
23920,nintendoswitch.com.cn
23923,nowamagic.net
23929,ourjs.com
23931,pc0359.cn
23932,phbang.cn
23934,pingxx.com
23936,polyv.cn
23940,psnine.com
23942,pw666.cn
23945,qianlong.com
23946,qiaofang.cn
23949,qiyuesuo.com
23951,qqje.com
23952,quanjing.com
23953,qudong.com
23954,qyiliao.com
23955,qyxxpd.com
23956,qzjlw.com.cn
23960,right.com.cn
23962,rongcloud.cn
23969,seosrx.net
23973,shejiben.com
23975,shezhan88.com
23976,shortof.com
23979,shuyunsh.com
23981,simuwang.com
23983,sisimanhua.com
23984,smobiler.com
23986,soku.com
23990,szdushi.com.cn
23996,tebrobot.cn
23997,techbrood.com
23999,tgbus.com
24001,tiaomu.com
24005,trackingio.com
24008,twinkstar.cn
24010,txrjy.com
24013,uc129.com
24014,ucpaas.com
24017,upantool.com
24025,vodjk.com
24028,wanmeiyunjiao.com
24030,webshu.net
24031,wed114.cn
24032,wegame.com.cn
24033,wejianzhan.com
24034,win7china.com
24035,winesou.com
24037,ccppg.com.cn
24037,wmcloud.com
24045,xilu.com
24046,xingjichuangyi.com
24046,51pinzhi.cn
24049,xsyxsc.com
24051,xuexiniu.com
24052,xuggest.com
24053,xy22.top
24054,yageshu.com
24055,yayuanzi.com
24056,yeah.net
24059,yini.org
24060,yixue.com
24061,ymcart.com
24063,youynjy.cn
24064,youzhixueyuan.com
24065,yq52.cn
24066,yqdown.com
24067,yqmh.com
24075,zealer.com
24077,zhangqiaokeyan.com
24078,zheng800.com
24081,zhuoxin.net
24082,zip118.com
24085,zmingcx.com
24086,zoer-cc.com
24087,ah95web.cn
24087,zoomcloud.cn
24088,zoomus.cn
24090,zujuan.com
24091,zwcnki.cn
24092,zwzyzx.com
24093,zymk.cn
24112,0571qianyue.com
24215,huan.tv
24222,stwx.net
24246,xingxiaotuiguang.com
24259,jxfinearts.com
24274,go2yd.com
24370,miui.com
24377,cloudsee.net
24394,apkevery.com
24467,wkanx.com
24476,jiguang.cn
24483,csle.cn
24553,lianwangtech.com
24595,huayaohg.com
24640,my7v.com
24651,kejixun.com
24712,cnepaper.com
24724,curry6.net
24741,vsharing.com
24851,chinabroadcast.cn
24880,ispt.com.cn
24968,qiuyi.cn
25030,tefl-china.net
25076,chinacable.com.cn
25087,digiwin.com
25103,artxun.com
25118,dnspod.net
25134,tcloudfamily.com
25146,ppsimg.com
25159,szltgd.com
25169,hslycn.com
25198,curry-6.us
25263,chinesetest.cn
25312,50bang.org
25332,aweb.com.cn
25346,mekede.com
25622,yantaihengda.com
25663,hccomm.com
25754,zhuzao.com
25775,inmobi.cn
25811,aio-ld.com
25830,cityweekend.com.cn
25841,0798wang.com
25861,aicdn.com
25875,llxbw.com
25912,baozhenwine.com
25948,qm120.com
25951,hismarttv.com
25952,leiniao.com
25958,023wst.com
25976,elemecdn.com
25997,18zhuiju.com
26027,huaweicloud.com
26050,sixinsoft.com
26075,airwallex.com
26076,bailinsi.net
26086,hongshigroup.com
26182,baomitu.com
26259,gefq.cn
26370,molilexue.com
26398,qingmang.mobi
26453,360shouji.com
26457,ip165.com
26473,sypost.net
26538,yundabao.cn
26566,hnqykx.org.cn
26650,g9hc4.cn
26677,hongkongchannel.com
26699,18095.com
26757,degess.com
26775,ampcn.com
26803,ranmao.com
26809,icoc.cc
26827,jnhxcp.com
26871,kspkg.com
26932,bgex.com
26937,yingyuliang.com
26952,pkulab.com
26957,china-spacenet.com
26969,miihee.com
27054,25hour.cn
27166,hbcdpm.com
27167,xzguandai.com
27181,mycodes.net
27184,didistatic.com
27221,lookchem.com
27283,hihonor.com
27292,pps.tv
27306,kunlunpi.com
27526,musen.cc
27734,ptplasma.com
27750,dear-lover.com
27754,newjobs.com.cn
27764,jxwmw.cn
27851,evjack.com
27862,ad-plus.cn
27896,zeke86.com
27913,lited.com
27996,mdbook.cn
28047,hongxu.cn
28072,cntpw.com
28082,ccw.com.cn
28100,bescn.com
28130,badavalve.com
28131,qqfanyi.net
28157,fancyqube.net
28171,duokanbox.com
28180,jlqiushi.com
28203,cl2009.com
28232,yhd.com
28332,runaowl.com
28349,china-fce.com
28390,233py.com
28436,jxart.org
28448,ruitecnc.com
28451,thsi.cn
28545,laotaimen.cn
28589,vogel.com.cn
28599,ahrz.org.cn
28619,ui.com.cn
28621,300hu.com
28648,jxpta.com
28733,tai-yun.com
28786,spjian.com
28793,chinafloor.cn
28809,idefang.com
28844,pzdt.com
28845,xagps.cn
28846,gdcyl.org
28859,114dns.com
28900,gzdibu.com
28935,qunxiong.cc
29011,yhzs.com.cn
29030,conac.cn
29052,officeoncloud.cn
29066,dnsv4.com
29073,ahjn.com
29116,legr.cn
29127,jjj8.cn
29136,jisiwang.com
29137,dfqcmy.com
29159,fy-ff.com
29204,u7u9.com
29216,smartisan.com
29230,ceh.com.cn
29262,jwzs.com
29279,gccrcw.com
29330,962ys.com
29357,huawozi.com
29391,af5188.com
29406,chinatrucks.com
29410,lvye.org
29416,hnjyjs.com
29441,chinaale.cn
29459,tancdn.com
29462,hkwb.net
29502,hvacr.cn
29515,bieshuw.com
29534,baite2010.com
29564,cqtzm168.cn
29582,baiwanzhan.com
29630,ccic-set.com
29656,oxbtc.com
29665,wosign.com
29700,xmsandu.com
29713,braburg.com
29761,hymn.cn
29779,hdsszz.com
29790,xiaoshou.cn
29819,huanju.cn
29823,cz365.com
29850,shunyuantech.com
29890,wn51.com
29911,chemmade.com
29922,rzlib.net
29925,ehtx.cn
29926,y371.net
29972,kunlunhuf.com
29986,pbidc.com
29987,coolplay-outdoor.com
29998,nexhome.cn
30016,optimix.asia
30033,nease.net
30045,f2ecdn.com
30051,hunantv.com
30054,ppzrm.com
30055,drcnet.com.cn
30077,englibrary.com
30109,hnlxtax.com
30116,ybzhan.cn
30150,kam-cn.com
30200,shopee.cn
30205,ym910.com
30216,anyew.cn
30243,pkutourism.com
30248,caigou.com.cn
30266,powereasy.net
30276,hzhzsoft.com
30286,tapdb.net
30311,icsensors.com.cn
30312,wbprops.com
30339,maoyouhe.com
30411,depl.ac.cn
30441,caisung.com
30456,hubwanmu.com
30459,qijucn.net
30470,365jz.com
30487,100zp.com
30488,1688e.com
30489,2018.cn
30491,7zz6.com
30499,bailun.com
30501,bixiaobao.com
30505,bw22.com
30509,ccvalue.cn
30510,checw.cn
30512,chinajcz.com
30513,chinalink.tv
30515,cingta.com
30530,gdnymall.com
30531,globaltradeweek.com
30540,ic37.com
30546,jhwap.cn
30547,jiansheku.com
30549,juejinqifu.com
30555,liliangxingqiu.com
30557,liuxuesheng100.com
30564,mshentu.com
30576,pinchain.com
30586,shiyongjiao.cn
30589,sooxie.com
30590,ss28.com
30592,sw2008.com
30596,tongnian.com
30598,touying.com
30603,wangpupu.com
30607,wytown.com
30609,xiquezhuangxiu.com
30610,yingtongshe.com
30610,99169.cn
30612,scytlq.cn
30617,zggjsmc.com
30619,zp.cc
30621,zuojiawang.com
30636,hee.cn
30644,tianletea.com
30646,xnnews.com.cn
30651,2980.com
30685,51mrt.com
30731,ls-elc.cn
30748,stlhpack.com
30782,51xiaoguotu.com
30790,lfycwy.com
30830,erfurt.com.cn
30848,chunhuiyt.com
30853,uiiiuiii.com
30856,pc120.com
30865,huatong-valve.com
30866,rambjx.com
30942,hoopchina.com.cn
30952,ig-erp.com
30989,kunlunle.com
31044,lbkj.com.cn
31072,xdoumi.com
31089,chinagrain.cn
31113,znshuru.com
31150,codex-trans.com
31170,hfcydc.com
31173,baofeng.net
31187,leonardo-digasun.com
31253,curry6shoes.us
31304,tjjushi.com
31305,bosidachina.com
31357,sxswhfzjjh.org
31397,bdisy.com
31452,cdce.cn
31456,youxiuhr.com
31459,xyvip.cn
31489,bugtags.cn
31514,hnsongtai.com
31539,redcross.org.cn
31565,hxznt.cn
31574,aaxpro.com
31591,wxjctg.com
31601,tlxsjn.com
31603,dezhoudaily.com
31613,wondershare.de
31678,webterren.com
31679,kuking.cn
31686,99.com
31717,jnvcw.cn
31726,yoyoqinzi.com
31743,hyrmtt.com.cn
31757,ibbdd.com
31775,jhtongchuang.com
31776,wenshu.org.cn
31796,sgz8.com
31797,royalsupreme.cn
31832,china.org.cn
31849,hljnews.cn
31888,zjxiaoyi.com
31902,xinsiqi.com
31903,0554zsw.com
31906,cnsicu.com
31926,qmango.com
31927,hljyzy.org.cn
31963,ftbj.net
32008,qz720.com
32027,duapp.com
32029,job788.com
32064,sanqin.com
32076,goodjobs.cn
32078,5hi.in
32097,wanfangpower.com
32099,nxjtxx.net
32127,dns.com
32149,yfp2p.net
32160,kssec.com
32213,cekun.com
32240,bestcclm.com
32263,ahmeitu.com.cn
32264,likestars.cn
32279,lfdjex.com
32280,123js.cn
32297,fjfsmc.com
32355,9sky.com
32357,birdpaper.cn
32360,bofeng100.com
32374,blackshark.com
32401,zhmusic.net
32402,pepsonpu.cn
32433,jstars.cn
32439,chinawuliu.com.cn
32443,zhaoyee.cn
32459,hainantoucai.com
32501,xmxdev.com
32531,01717.cn
32532,scjkc.cn
32538,333sun.xyz
32551,akbattery.cn
32576,xsvps.com
32599,tz1288.com
32618,365cego.com
32622,lywww.com
32634,comen100.com
32635,kags.cn
32672,cnlongqiang.com
32691,qinhuatech.com
32700,xmxlzxw.com
32727,hfhzypiano.com
32729,ccd.com.cn
32747,leiyimei.com
32776,hncafb.com
32798,kswfdz.com
32799,ynaidscare.com
32838,adinall.com
32843,hfkxjyyzy.com
32871,o2ojie.com
32886,luomi100.com
32908,cnkiksfb.com
32931,gr-water.cn
32952,hnyjsoft.com
32953,dzdxu.com
32970,zhizhuyx.com
32980,hfxinghuo.cn
33017,bbcia.com
33026,gmynsh.com
33027,creality.com
33045,zeho.com.cn
33046,yuandahouse.com
33097,caep-forever.com.cn
33114,cchi.com.cn
33115,cqaofang.com
33176,rlbgrp.cn
33188,minfish.com
33194,xahuance.com
33197,cqxtlkj.com
33251,istar.cn
33266,cn-youbang.com
33288,tangxia.tv
33295,123renwu.com
33299,aitaojd.com
33314,tidejd.com
33338,chsdl.com
33341,supare.com.cn
33384,sewa-power.com
33385,gzkedun.com
33388,youjindi.com
33446,yinuo1000.cn
33447,manyou.com
33454,flrun.com
33456,hirano.com.cn
33457,hfwxjclw.com
33458,hteamall.com
33502,cqzjsy.com
33511,yylady.cn
33520,hunanbaojia.com
33529,yntv.cn
33543,5ta.co
33572,sgqzmg.com
33660,nqbtv.com
33670,lzzz.cn
33707,sbtrip.com
33727,chahaoba.com
33729,jsrailway.com.cn
33732,dahuap2p.com
33740,hcwang.cn
33747,jbkc.net
33777,hblys.com
33821,rtbasia.com
33840,ebexpo.com
33841,csicee.cn
33903,hbtvby.com
33910,ltlib.com
33926,tjzhaoyinlawyer.com
33928,syhky.com
33938,livebos.com
33951,cnlanjian.com
33953,sh-dianpu.com
33969,eifesun.com
33970,ahsmx.org
33972,china-gold.com
33988,sakuradk2.com
34017,travellinkdaily.com
34116,dfllt.com
34117,gfxcamp.com
34120,dahuap2pcloud.com
34124,letv.com
34133,3158.cn
34135,1234567.com.cn
34142,eq28.cn
34144,fastapi.net
34161,tyepcb.com
34163,idgdmgroup.com.cn
34183,adsunflower.com
34187,huanjuyun.com
34250,saintronix.com
34251,mx5588.com
34271,taobaocdn.com
34324,jszhenwei.com
34348,kgimg.com
34413,glzip.com
34439,guyitai.net
34464,cmcmcdn.com
34470,haedu.cn
34474,ruipos.com
34492,jinshenghuaan.com
34496,shoulouzx.com
34501,qunar.com
34521,xjxgdbw.com
34541,wsxzyy.com
34561,oudafloor.com
34568,lnrsks.com
34572,jocloud.com
34595,qingdaqiye.com
34597,yxxghjzp.com
34652,wanliyiliao.com
34654,jxwdyf.com
34661,jianshu.io
34677,hilnn.com
34711,ziqingdq.com
34730,lhsdad.com
34733,win-fl.com
34736,jiaolong.cn
34780,xinshuru.com
34786,curry7.us
34820,sx-edesign.com
34870,bjfastdoor.com
34874,icafe8.com
34928,ms1tt.com
34931,lbesec.com
34964,sdoyb.com
34967,bre-electrical.com
34970,chinaqkingbjb.com
35001,thebeijingnews.com
35043,lapsang.cn
35044,zhonganjianli.com
35045,ht-blue.com
35048,kaidun180.com
35057,ncsxb.com
35064,qikan.com.cn
35085,tcyabang.com
35105,popincdn.com
35107,thundersky-winston.com
35109,edusssxhq.com
35155,swuee.net
35167,2345cdn.net
35248,jordans.com.co
35271,servyou.com.cn
35301,fzsqs.com
35311,esitcal.com
35324,cyzylm.cn
35360,cnxklm.com
35367,liaoseals.cn
35404,tcl.com
35408,cdlxjy.cn
35449,scuhv.com
35521,epcyc.com
35524,njjsalc.com
35526,dgyssj.com
35528,meteoritegarden.com
35547,ctoutiao.com
35552,sables.cn
35565,fckjzz.com
35597,hgsljx.com
35598,chnlgzs.com
35622,zzlightmetal.com
35640,zimgs.cn
35649,ceair.com
35650,huayug.com
35651,jsqlmy.com
35661,jxgdw.com
35669,glass.com.cn
35671,miaojiewuye.com
35672,qzcgzb.com
35700,daodun.net
35717,nbycwy.com
35718,ccg-china.cn
35740,jiuzxw.com
35742,sheasytest.com
35787,moretv.com.cn
35805,yda360.cn
35875,xbtsjj.com
35876,qijucn.cn
35877,shidanengyuan.com
35902,zzdongxing.com
35903,platit.com.cn
35904,jsjj001.com
35911,kmttcache.com
35923,211718.cn
35937,sisscn.com
35951,caclp.cn
35962,gyscwy.com
35964,778421.com
35965,mangocity.com
35988,waprnm.cn
36013,longfeng021.net
36046,todaycnc.com
36048,sankangozone.com
36104,aiadmin.com
36119,xydxhb.com
36146,japps.cn
36162,frontendmatters.com
36186,sochicgermany.com
36209,dcwj168.com
36224,udache.com
36265,cr-nielsen.com
36271,y5zd.com
36293,bjshuibeng.com
36295,mycar168.com
36313,ssdaudio.com.cn
36316,rsopto.com
36337,njbtdp.com
36358,guolistudy.com
36368,cnsb.cn
36380,erfurt.cn
36411,mapscene365.com
36432,ytdfpb.com
36433,cqit168.com
36442,zdmimg.com
36443,7654.com
36460,lanzous.com
36470,cityup.org
36489,kesion.com
36505,cfan.com.cn
36541,zonade.cn
36560,3gmimo.com
36580,supremesonline.com
36598,plwl.cn
36628,zzjllw.com
36630,jiaohuihua.com
36656,sunkaisens.com
36659,impta.com
36675,longwojiu.com
36716,zyhdjg.com
36737,aleedu.com
36781,53530666.com
36804,szviena.com
36835,myrice.com
36909,livere.me
36956,car388.com
37003,xqyczsgc.com
37004,xgmesh.com
37005,medhope.com.cn
37027,fyydyg.com
37048,31780252.com
37050,lwbpsh.com
37068,ruichengcloud.com
37090,1dian5.com
37091,perlove.cn
37132,ahhhhy.com
37135,xhjck.com
37148,luohe.com.cn
37153,youximeng.com
37162,dx-189.com
37189,sungyet.com
37211,mingqichina.cn
37212,sunway.com.cn
37215,wosms.cn
37228,hnjing.com
37238,ececsh.com
37246,hnkm.cn
37249,bdgyyx.com
37270,megapce.com
37271,aibeigong.com
37288,mobioffice.com.cn
37291,guohaoluye.com
37327,lylqjs.com
37333,mobileanjian.com
37355,hxqcjy.com
37369,huoshan.com
37406,soulapp.cn
37406,jlwh.net
37426,tagtic.cn
37445,xaafe.com
37449,rf-switch.com
37450,xly99.com
37476,balance-china.com
37526,krjtss.com
37548,zzbndl.com
37574,asiaairmedical.com
37575,weisiups.com
37595,sccm.cn
37603,uyuyao.com
37607,whcdwt.com
37633,x-rui.com
37635,oenke.com
37655,wlzkb.com
37656,ikemod.com
37657,tudipinggu.com
37659,huafupower.com
37687,ycytjx.com
37690,ncnews.com.cn
37713,zhongall.com
37747,linkedriving.com
37805,jytfzx.com
37829,gy19.com
37838,bybt.com
37878,it776.com
37890,jdliye.com
37930,kyrie-6.com
37949,emeer.net
37951,hailizulin.com
37958,acgvideo.com
37974,insaoil.com
37980,yeezysus.com
38000,ifenglife.com
38003,yryslhdq.com
38021,jingxi.com
38029,sdjlchy.com
38047,pengshengcaishui.com
38048,cdnylt.com
38052,kd12.org
38083,zy-rfid.com
38114,lifong.com
38139,ci-hang.com
38140,xzmsjl.com
38174,futunn.com
38219,2144.com
38221,shqibu.com
38276,zol-img.com.cn
38288,huihui.cn
38321,acgscn.com
38322,sfte0451.com
38323,yjkfw.com
38325,gxqcw.com
38369,dianlipeixun.com
38371,sdgren.cn
38374,0752xz.com
38381,ape-tech.com
38396,sheca.com
38396,tzgpvc.com
38401,ahwanbao.com
38415,365wang.net
38427,qidian.com
38429,tomwell.com.cn
38431,njxdad.com
38435,moncler.cn
38459,yebo-automation.com
38498,yueqizuidijia.com
38521,sdgs.org.cn
38526,greenwheel.com.cn
38576,jszcws.com
38577,yxhty.com.cn
38578,twzyt.com
38617,koubeikc.com
38635,sassin.com
38641,jietaoex.com
38675,cnjulong.net
38703,liaohetebo.com
38704,heshengbujing.com
38706,zhechang.net
38706,html.cn
38726,cgglchina.org
38734,icafe8.net
38748,hnr.cn
38773,fdc.com.cn
38797,rxjkqntyn.com
38810,hnrsks.com
38813,kinokuniya.com
38817,scievice.com
38818,szfcc.net
38819,spsy.org
38845,lb-led.com
38872,okcoin.com
38889,gdcma.com
38899,beiqijia.net
38909,qichengedu.org
38911,adfuture.cn
38938,cnminggao.com
38950,chinajoy.net
38962,whhk.com.cn
38966,chromeheartstoreonline.com
38992,nicepower.com.cn
39081,kaipuyun.cn
39082,itripdaily.com
39086,swoto.cn
39112,tenglongdesign.com
39113,lasat.com.cn
39115,lulvw.com
39116,szqls.com
39143,alljiaxiao.com
39174,cn-wiremesh.com
39176,valltime.com
39177,changjiulogistics.com
39180,fendi.cn
39200,gqfx.com
39213,xhume.cc
39225,hygng.com
39226,szmglb.com
39249,sitom.com.cn
39281,keqysxy.com.cn
39305,cacmb.com
39308,phpvod.com
39333,jd200803.cn
39336,jzdianli.com
39366,hishendeng.com
39373,9engin.com
39392,xutaowudao.com
39393,china-bee.org.cn
39412,tianshou.com
39425,gdtv.cn
39439,hftzjt.com
39444,houdepeixun.com
39471,city-w.com.cn
39521,weibocdn.com
39543,kirinmach.com
39544,idmsensor.com
39553,jxeea.cn
39568,a5xiazai.com
39600,bjghbooks.com
39602,esce.cn
39607,18.cn
39643,shangdianjc.com
39647,17zcw.com
39664,thhwz.com
39702,hypersku.com
39702,dgxx365.com
39706,xtol.cn
39740,sh-hly.com
39764,lahuashanbx.com
39765,wg19720914.com
39786,qdhongfan.com
39788,giocdn.com
39806,zoneben.com
39809,cdbio.cn
39810,supremeshoodie.com
39835,hwayu.cn
39871,sinhovo.com
39873,laoreads.com
39877,zmbang.com
39880,gxghsy.com
39898,kf.cn
39899,sxjaly.net
39942,watch-life.net
39946,gaode.com
39960,shxiangbai.com
39979,idcquan.com
39986,csbtjx.com
39989,ytsuliao.com.cn
40009,szsccjh.com
40010,bjlj.com
40012,meilishi.com
40014,jianfc.com
40029,chinaitlab.com
40050,xnfgxh.com
40071,hoyolab.com
40093,sanxingbc.com
40095,xiangdiheng.com
40096,jnlirui.com
40142,haotongart.com
40170,shsldq.cn
40172,xinxizhichuang.com
40196,bgcheck.cn
40219,jdjckj.cn
40223,henchcn.com
40227,whnews.cn
40254,cqyunsen.com
40255,sqaihua.cn
40281,anquan.org
40300,cn3x.com.cn
40332,imiaokao.com
40359,cxgm999.com
40409,bzlszy.com
40410,qbwl.com.cn
40411,sibohu.com
40413,szsteel.net
40439,websz.net
40450,51miz.com
40464,ccrgt.com
40467,lhasayx.com
40468,lecroymt.com
40469,bingyangvip.com
40472,hnlvse.com
40475,xdebike.com
40498,yizunzhuangshi.com
40502,imlanguage.com
40508,shlanrui.net
40580,suomahua.org.cn
40581,zhlcpa.com
40590,cduestc.cn
40599,iawbs.com
40600,mykh.net
40603,f2pool.com
40615,nyjphb.com
40639,yshpm.com
40641,china-honor.net
40642,w-va.com.cn
40659,zjmeilin.com
40677,berdingk.com
40730,tangshuang.net
40734,rongshuxia.com
40743,hnxl.cn
40744,bjdsppa.com
40770,028jes.com
40773,zjgwy.org
40793,wtchemhb.com
40816,gxelectrical.com
40851,hycen.net
40855,meibangchem.com
40857,napai.cn
40859,ywzz.cn
40888,huataijiaoxue.com
40914,zjhxjj.cn
40938,longjinhua.cn
40940,ep59.cn
40941,jiandaoyun.com
40951,lxcvc.com
40959,gzlvzhong.com
40960,nxlyykt.com
40969,cg213.com
40980,cqsixi.cn
40984,furenok.com
40988,jia360.com
41006,cscjcbio.com
41029,fugetech.com
41039,mini1.cn
41062,yz-jydq.com
41092,jiuzhuangpe.cn
41093,cgtn.com
41097,stamp456.com
41098,ccceg.com
41103,fatesinger.com
41109,zjrc.com
41181,laoyangidea.com
41188,hexinmi.com
41209,tudifa168.com
41213,tunyo.com.cn
41216,haoyi999.cn
41217,nnlgjt.com
41222,hbjd.com.cn
41233,honghuofeiyang.com
41237,yingxinbio.com
41238,dbce.cn
41261,pc17.com.cn
41264,zngfj.cn
41265,zhzyw.com
41288,czwqsl.com
41294,oneplusmobile.com
41296,hpa.org.cn
41301,17173.com
41314,jnadlyy.net
41317,autoimg.cn
41322,cersp.com
41343,sawl.com.cn
41353,asl.com.cn
41373,qfls.com
41406,dangbei.net
41426,serveship.com
41438,chinamobile.com
41464,cregkjgs.com
41465,jingzegongcheng.com
41466,bjchjmc.com
41480,myz.cn
41490,manmanqi.com
41527,kingdkey.com
41529,hssml.com
41538,zdic.net
41553,gsjcbg168.com
41562,aligames.com
41575,oneinstack.com
41577,xsnet.cn
41601,jibiao8.com
41602,cccjy.cn
41619,anyuandc.com
41623,haili.com.cn
41644,kkbub.com
41647,gxszw.com
41656,yagelaser.com
41657,qs1997.com
41689,ceapa.cn
41690,861.cn
41696,buildnet.cn
41707,merway.cn
41723,360-game.net
41766,xiyunerhu.com
41769,cpfcw.cn
41770,rsdtxjf.com
41804,3lmeter.com
41829,sciener.cn
41833,zzyhqz.com
41835,zzjsqnpo.com
41836,czbsjs.com
41837,gtbzj.com
41866,gxjgea.com
41886,laowuxx.com
41889,whhwsh.com
41892,bluepark.cc
41916,boyishuijing.com
41924,sdliantai.com
41926,zubon.com.cn
41971,jsriver.cn
41985,ulikecam.com
42007,sanlvtang.cn
42042,chigosway.com
42043,coedcherry.com
42089,chinazjgt.com
42118,jjfwpt.com
42137,boosj.com
42141,010shangpu.com
42142,hebdgjh.com.cn
42144,xmxlzx001.com
42146,ray-mat.com
42147,yuwei029.com
42150,adbc.com.cn
42168,gwell.cc
42183,ttkdex.com
42192,enshi.cn
42221,dongfangzhizhu.net
42223,suncrown.com
42227,jiyuetech.com
42248,scssbxh.com
42264,ict.ac.cn
42288,zncar.com
42315,hnfdj88.com
42339,whxguojiu.com
42344,tjzcwf.com
42370,bj-haxs.com
42371,sohu.com.cn
42376,honder.com
42402,envitek.com.cn
42436,dragonins.com
42460,jinzeinfo.com
42479,mathpool.cn
42481,multiopen.cn
42483,ccement.com
42494,fert.cn
42515,ahjcjy.cn
42518,1248e.com
42536,youkia.com
42554,inlishui.com
42563,sz-hdl88.cn
42567,qd12315.com
42575,shzhanmeng.com
42581,chemdy.com
42586,55haitao.com
42612,pmjx.com
42642,kmsoft.com.cn
42644,yosinmetal.com
42674,hnyjglj.cn
42706,adoceans.com
42715,visionunion.com
42720,zjkxiaole.com
42722,hfgaite.com
42747,yinaijin.net
42752,cmbimg.com
42774,tjytgf.com
42795,kingcitools.com
42818,turntech.com.cn
42821,qys3388.com
42825,dongbao120.com
42855,wifi-3l.com
42856,junyagg.com
42857,sdjncc.com
42892,huitongyuan.com
42893,qdzypccp.com
42895,0538fcw.com
42896,5lux.com
42957,cgxhero.com
42958,yahuc.com.cn
42959,shenglonghongye.com
42960,zglcyxyxzz.org
42962,hkhcsj.net
42967,dgrci.com
42987,lyckedu.com
42990,lfdfbr.com
43016,wzchuyin.com
43019,bjseedu.com
43047,cinic.org.cn
43051,tieji56.com
43078,5184.com
43088,trye5.com
43089,byrjjzx.com
43090,huaxu-pc.com
43096,xmabr.com
43116,sina.net
43117,swjoy.com
43117,getty.cn
43121,shengyukj0309.cn
43123,ynjdtm.cn
43128,njdufang.com
43131,hurun.net
43136,zoom.com.cn
43202,shicooltv.com
43215,pcfreetime.com
43217,huodongzaixian.com
43247,beok.com.cn
43250,huazhongpower.com
43251,hcycy.com
43253,zzgxjj.cn
43254,long-asia.com
43255,sunnyauto-robot.com
43267,linuxeye.com
43274,dlzdjaz.com
43276,kalaoni.com
43293,tuya.com
43293,qhwledu.com
43294,cqxypm.com
43308,chandashi.com
43354,cnmn.com.cn
43423,nm86.net
43445,gdrc.com
43447,syparkerpen.cn
43448,ywxpj.com
43454,zbhtgmgs.com
43455,xyanjia.com
43479,zbdcme.com
43481,hebeigwy.org
43483,vxuebao.com
43522,wukongtv.com
43530,itdaan.com
43542,ahjr.com.cn
43571,topfairs.com.cn
43572,3600.com
43573,wydups.com
43579,psi.com.cn
43586,51ditu.com
43601,sinoing.net
43602,ptplasma.com.cn
43603,ldgcc.com
43633,xiaoyi.com.tw
43634,mjmhqb.com
43636,medicool.cn
43639,appadhoc.com
43658,junyuanlawyer.com
43660,longxingzs.cn
43661,shthealthcare.com
43662,jmyx.com.cn
43689,gsqclib.com
43691,gxxzz.com
43706,gd563.com
43718,kftdyy.com
43760,altkj.cn
43781,hbu.cn
43782,cdyxf.cn
43788,china-japanexpress.com
43789,chinaielts.org
43795,rongn.cn
43798,hnzlkj.com.cn
43799,kyrie6shoes.us
43824,zgshjglxh.com
43886,sdmihjg.com
43887,gxcd.com.cn
43908,szjgf.com
43910,suijiawl.com
43935,zgzyz.org.cn
43938,ahoocare.com
43940,smartbuildingnt.com
43964,lkme.cc
43972,nldsw.com
44001,zbloghost.cn
44017,4cccc.net
44030,chinajav.com
44067,jianplus.one
44068,soaringtrans.com
44071,wissun.com.cn
44115,enove.cn
44123,1000thinktank.com
44124,supremes-clothing.com
44125,likecs.com
44143,lfshanghai.cn
44156,peasrch.com
44173,166.net
44179,brandjs.com
44182,promisense.com
44184,shmoban.com
44200,aazyw.com
44212,hzswba.com
44213,zmdz.com
44232,feicity.com
44240,axboom.com
44285,criwi.org.cn
44289,wdexp.cn
44292,xaclear.cn
44306,gsm93388.com
44319,haodonglaw.com
44355,gzybgc.com
44377,cloudswupgrade.net
44382,med126.com
44408,skyts.net
44425,airoptfilm.cn
44428,coodub.com
44434,cqttech.com
44442,hebgj.org.cn
44443,senlun.com
44444,cqchdq.com
44445,angecon.com
44446,jintianpaper.com
44447,fupingzhongxue.com
44469,pbidc.net
44492,giikin.com
44505,ruihongmachine.com
44507,gdgxym.com
44508,ydlhjy.com
44513,snbiopharm.com
44538,boyingsm.com
44539,xuntui.com.cn
44540,369u.net
44542,wxprn.com
44543,jiayuxing.com
44545,kunlunea.com
44564,vrtcn.com
44568,cndw.com
44575,d1v1.com
44581,careland.com.cn
44588,zt-xc.com
44590,imwork.net
44591,zhengxinde.co
44591,chengmt.com
44617,ckdsx.net
44655,zhangyue.com
44704,fjshldbx.com.cn
44730,letfind.com.cn
44733,jznews.com.cn
44736,zhuzaoguolvwang.cn
44737,gdleibaoji.com
44757,idnovo.com.cn
44790,zzgeyan.com
44791,laixing.com
44794,dytgym.com
44805,ziyuanchong.com
44823,gdsludge.com
44853,whdelizn.com
44854,sqaihua.com
44855,hrbtlh.com
44883,qdwilo.com
44887,changjiulogistics.com.cn
44914,bjsrgt.com
44947,bjjssh.org.cn
44949,dcfcs.com
44957,dqdaily.com
44974,newdrug.cn
44975,mingips.com
44980,siyin51.com
44985,kuyun.com
45001,zhiwwl.com
45002,ahgyqh.com
45003,jz54.cn
45011,banqumusic.com
45011,vatti.com.cn
45026,waizi.org.cn
45030,zyxksb.com
45033,mascsj.cn
45061,bhqxsw.com
45066,goldmax360.com
45092,techno-decor.com.cn
45098,zdsee.com
45116,shqingai.com
45117,hldsystem.com
45118,jinyiheng.cn
45119,cqtools.com
45122,dayangcm.com
45129,curry7shoes.us
45142,douyucdn2.cn
45170,dlzyohq.com
45179,hongying.cc
45199,bjxingruncheng.com
45201,jzncds.com
45202,shtiancai.cn
45215,hygame.cc
45230,xahengyuanzn.com
45232,jlyjx.com
45287,1198.cn
45288,jndlbz.com
45292,hairunpictures.com
45293,rcsudongji.com
45294,hinos.com
45324,iblacktree.com
45326,cidawa.com
45330,digsur.com
45346,hzrc.com
45356,jingdianxiong.com
45358,r780dizhiguan.com
45360,yingouwang.cn
45363,geteen.cn
45385,52mtc.com
45393,tobewiser.net
45401,sjb-ys.com
45404,xikemao.com
45415,cqrb.cn
45425,shwwcm.com
45433,yiqifei.com
45437,quickconnect.cn
45448,abupdate.com
45458,fuzhoufc.com
45482,rqsh.com.cn
45483,ahalei.com
45506,thbianpofanghu.com
45508,ytbaohai.com
45531,ef360.com
45532,mangbaobao.com
45538,zrmfit.com
45564,mxsheying.com
45565,hnqxwy.com
45590,kafu168.com
45592,scalemodel.com.cn
45616,wxssmt.com
45638,faceunity.com
45645,dowater.com
45654,jnhxlsmc.com
45659,ieda.org.cn
45686,satimage.cn
45688,1360.com
45689,chinacfa.com
45706,ahicc.org
45708,chuanghengda.com
45736,qkyxlcyjy.cn
45742,1sapp.com
45745,fsgy.cn
45757,shipparts.com
45773,bjshzd.cn
45776,cemta.cn
45783,huaqin.cc
45785,00cdn.com
45804,fytdjz.com
45805,xunlangtech.com
45806,wangchao888.cn
45836,fjszx.org
45843,juyoufan.net
45849,tsaijia.com
45868,sigmasz.com
45869,aeaf-intl.com
45870,0539erp.com
45871,gzhlyc.cn
45900,ytyyc.com
45938,hextower.com
45945,zhulinedu.com
45989,happyelements.cn
45993,baolixue.com
45996,kkapp.com
46006,tytws.com
46007,18q.net
46008,hndqfs.com
46009,hbjtqhgs.com
46011,gzsdxdp.com
46013,coalw.com
46043,eastonsun.com
46047,chinaheichabrand.com
46048,edunewstar.com
46050,zhmmx.com
46061,fareastcontainers.com
46079,dehong.com.cn
46082,shgps.com
46084,dcgjk.com
46109,sintu.com
46112,sz-dituo.com.cn
46130,zzrongbang.com
46132,hengyia.com
46138,banyunjuhe.com
46145,zhybcb.com
46159,njysbc.com
46161,qsysh.com
46194,sqyucai.com
46213,myspace.cn
46214,21hulian.com
46222,delizdh.com
46224,hxhycae.com
46226,wanhongvalve.com
46244,nhaidu.com
46251,277sy.com
46251,gdyibao.com
46255,czhanger.com
46261,cili001.com
46269,brasilcn.com
46274,hexin.cn
46279,8090.com
46288,yonganjl.com
46290,tjqygd.com
46292,xunweixin.com
46349,expert-china.cn
46350,lawonline.org.cn
46351,kewei123.com
46367,china-cba.net
46373,csgpchina.com
46378,libii.cn
46417,hngaokaozixun.com
46419,yingtj.com
46452,hbvalve.com.cn
46456,quanjian9295.com
46457,wanlog.com
46458,xashfl.com
46460,jfob.cn
46462,aybzj.com
46467,emss.cn
46489,jsrme.org
46507,hnrcsc.com
46525,shine-video.com
46530,alsrobot.com.cn
46531,cinsa-un.com
46555,cbledgs.com
46559,dghehui.com
46568,k12.com.cn
46584,hngrsy.com
46586,huilan12333.com
46589,tratao.com
46611,risound-china.com
46615,akbattery.com
46669,sinostargroup.com
46706,sh-shenyi.com.cn
46733,saiguobio.com
46747,zhilingshidai.com
46766,ipunion.cn
46793,jxantai.com
46795,shanhu99.com
46820,xhjfw.com
46823,cszwbxf.com
46830,soocedu.com
46842,wlfbsa.org
46861,guizhoubaidu.cn
46863,longygo.cn
46899,sh-fit.com
46903,babybear.cn
46929,huanengleasing.com
46973,ljxdc.com
46978,yichunfc.com
46987,ssxxq.com
46998,ht900.com
47000,syjsz.cn
47002,jnmsyjx.com
47005,sun-ada.net
47033,4006672007.com
47053,caimaiba.com
47069,qixieke.com
47070,ldkj-zs.com
47100,weijiachem.com
47102,changemr.com
47103,wistoop.net
47105,cqhuanbao.cn
47106,qiushihong.com
47107,lasfiberio.com
47117,jjxw.cn
47137,anhuiec.org.cn
47146,sdjingji.com
47181,dgtmjz.org
47182,szlbgj.com
47209,3hfj.com
47215,jishentang.com
47273,njheli.com.cn
47275,layzdx.com
47282,jsgwy.com.cn
47290,esichao.com
47292,162100.com
47310,bdxtbz.com
47324,wauee.com
47338,mictest.cn
47339,fantulvxing.com
47340,tbshxt.com
47343,zhongshixing.com
47345,menshine.cn
47373,gujingsales.com
47397,asbxoa.com.cn
47398,zidinn.com
47400,hachieve.cn
47407,easydg.com
47408,fmart.com.cn
47418,lznews.cn
47439,yzhxhb.com
47463,loveapp.com
47481,landwind.com.cn
47504,xjschindler.com
47505,china-hulong.com
47506,sh91.cn
47508,54dr.org.cn
47509,yagjgs.com
47537,sidedm.com
47539,jxyongyou.com
47566,yinfengxu.cn
47569,pengyueled.com
47570,umaxfun.com
47585,zbike.cn
47604,mingsike.cn
47611,49you.com
47621,abbs.com.cn
47638,jyb.com.cn
47643,tolight.net
47679,shang360.com
47682,meikomo.com
47683,nsgzc.cn
47693,gaokao789.com
47714,conchdesktop.com
47715,wxshfjxsbc.com
47721,maxnetsys.com.cn
47722,dukaow.com
47725,cclolcc.com
47741,xmjunli.com
47780,elvfu.com
47797,biaozhuxinxi.com
47805,metalnews.cn
47815,wfnews.com.cn
47838,56cto.com
47839,sccjgs.com
47840,xsharness.com
47842,ahhdls.com
47843,jsljjt.com
47844,js-sports.com
47853,nonobank.com
47887,humeir.com
47891,rznews.cn
47897,seven1029.com
47914,iyoyo365.com
47920,yzzw.net
47969,leshangcoo.com
47983,sundawu.cn
47986,gdyccl.cn
47989,vankang.com
47990,alffany.com
48028,wacom.com.cn
48047,nisshin.com.cn
48051,colorstore.cn
48078,wsgkc.com
48087,szbla.com
48096,laxin.info
48110,chaojitv.com
48115,qdbrh.com
48118,jlzx.cc
48129,dvbbs.net
48143,sizhengwang.cn
48147,ilsc.cn
48148,jnqzy.com
48152,gzszj.com
48186,cn-xggg.com
48188,tlxxw.com
48190,zhaochafa.com
48215,dalanmao.cn
48216,cqaxcc.cn
48231,huicewang.com
48258,ktqzgh.com
48259,qftour.com
48260,wxmstg.com
48290,meitu.com
48303,zhongguoweiquan.cn
48305,linyicake.com
48307,qtone.cn
48317,kanbox.com
48334,loorintmt.com
48340,szbdyd.com
48385,lzwceo.com
48401,zjkedun.com
48417,cbia.com.cn
48436,jianzhila.net
48438,enjoyor.cc
48458,epjob88.com
48475,huiyacpa.com
48483,shmnr.com
48500,vsgame.xyz
48512,afenvending.com
48513,cdhengliyuan.com
48514,totob.com
48516,szbun.cn
48546,tonscend.com
48576,turnright.cn
48578,jinhengfu666.com
48580,ohtani-kakoh.com.cn
48612,gexingzixun.com
48642,hbyuandafm.com
48650,bjqznp.com
48651,nmgkyxh.com
48679,jxqx88.com
48684,bulade.com
48716,tpyfj.com
48718,guitarchina.com
48720,zm36c.cn
48724,zejing.com
48727,meatest-cal.cn
48730,wowoda360.cn
48731,kuzhilevr.com
48758,ehaipu.cn
48762,morhome.com.cn
48782,qhpta.com
48798,zserp.com.cn
48801,gepot.com.cn
48827,empbook.com.cn
48828,degongjx.com
48829,dewu.com
48834,hbzhan.com
48835,hcvt.cn
48837,bigquant.com
48849,jshtzj.com
48852,kfsjtxx.com
48860,bavlo.com
48883,xjyiliao.com
48886,cxhyplan.net
48887,xsbnxw.com
48896,bom.ai
48902,hoperf.com
48913,scyjzb.com
48915,hbmjfls.com
48919,totolink.cn
48986,zjhcqx.cn
48988,iosqr.com
49001,jfgou.com
49005,mysteel.com
49006,eventbank.cn
49026,cangdaoyun.com
49033,xescdn.com
49051,szsydq.com
49053,4v410-15.net
49056,wzjsp.cn
49070,ptalking.com
49084,usunyachts.com
49087,cidacc.com
49089,32lp.com
49091,weixin.com
49105,01bim.com
49117,zjjjx.org
49127,guqu.net
49147,yang-run.cn
49149,hnlci.com
49150,haichuanghulan.com
49151,qijiajh.com
49172,artpangu.com
49177,xrccw.com
49214,52pcfree.com
49218,ytdezhong.com
49258,ztgbc.com
49294,jianqigroup.com
49296,mokids.me
49298,usmd.com.cn
49334,aoxibxg.com
49337,gzryrh.com
49338,yinyidiaosu.com
49340,azjjzx.com
49374,taizhou.com.cn
49378,zhiji.com
49412,zou114.com
49422,gyxwzk.cn
49427,hzcma.com
49453,17u.com
49468,ynengsw.com
49469,cq-bjw.com
49472,camera360.com
49472,wz2sc.com
49487,itools.hk
49492,myworkdaycdn.com.cn
49503,bgfxpg.com
49507,wlancar.cn
49509,cnsphoto.com
49538,unclesamedu.com
49542,51taoshi.com
49545,dagl.com.cn
49551,yidatec.com
49561,shafaguanjia.com
49582,dljyjzpx.com
49594,jsonapp.cn
49595,yxj.org.cn
49609,sciencesoftware.com.cn
49611,wisehoo.com
49616,yicubao.com
49617,sdqifushebei.com
49618,zbxinqilin.com
49634,medcn.cn
49647,gpo-logistics.com
49652,aganguokui.cn
49681,njbhhb.net
49689,banksteel.com
49715,edeng.cn
49727,0797yx.com
49732,bjyjzh.com
49734,hsdkg.com
49745,yxx.cn
49752,tjrc.com.cn
49769,wedobest.com.cn
49769,kgtspa.cn
49771,wxzjgt5.com
49775,gzzjw.cn
49792,tjztjy.com
49802,snyts.com
49803,mejacci.com
49805,lsymjx.com
49876,wondershare.cc
49892,baidaodata.com
49897,wxxyby.net
49899,100cameras.cn
49902,forcloudcdn.com
49902,duhuikoucai.com
49903,jinmaozs.com
49951,hzchosen.com
49955,zqjykq888.com
49958,jyymyhs.com
49973,sjbxmj.com
49978,qdadcmc.com
49979,whsxx.com
49980,dasudj.cn
49981,laikehuagong.cn
49985,wangwasai.com
50000,gareter.com
50000,aemedia.org
50014,nacycenergy.com
50018,bestyy.com.cn
50019,wxtnjs.com
50021,hfamt.cn
50023,cymteklabs.com
50024,loongson.cn
50042,crlocsp.cn
50052,kingcak.com
50056,ihepafilter.com
50084,steelphone.com
50089,wxlyjs.com
50113,hxjx666.com
50114,westele.com
50115,rennuosiwang.com
50116,sxzjkc.com
50121,qianhuaweb.com
50140,holdwell-ele.com.cn
50149,tiyuqicai.com
50154,xunyou.com
50171,dxmpay.com
50196,bjatdk.com
50198,wxyuanya.cn
50203,shzhuhua.com
50204,guokaigroup.com
50205,feiyingsd.cn
50215,tinno.com
50224,bhyedu.com
50226,365vips.com
50228,autoscm.cn
50229,tsnks.com
50230,haiwaihai.cn
50231,cunstar.com
50234,maopo.net
50236,cdxwcx.com
50264,topwingroup.cn
50280,citygf.com
50291,chinadire.cn
50296,njude.com.cn
50321,hbkzhg.com
50321,mymetal.net
50324,csrpsp.com
50332,qcc.com
50346,xdkb.net
50351,lanshanhu.cn
50354,xin-home.com
50357,huaiangj.com
50363,zhlzw.com
50375,oilchem.net
50394,stsjsh.com
50397,milanxinli.com
50400,hfkst.cn
50415,chinajsb.cn
50419,mydnns.com
50419,trademanager.com
50441,shuqireader.com
50472,tzgsj.com
50478,shlingzheng.cn
50483,lutecn.com
50514,mala.cn
50515,cjxb.ac.cn
50516,qichefushache.com
50521,cfjxhh.com
50522,qianji.net
50551,bestb2b.com
50559,ehlzl.com
50576,ikaka.com
50592,scmhtp.com
50611,khb.com
50613,taolv1.com
50624,innovation-image.com
50627,bhtkd.com
50628,dlsd.org.cn
50631,zdhxh.com
50633,4dage.com
50658,626q.com
50676,qpyou.cn
50704,vipkid.com
50704,cjm168.com
50706,ryeegee.com
50713,ioz.ac.cn
50727,l1181.com
50729,talenty.com
50732,n1q.cn
50746,pkudl.cn
50747,gaolu888.com
50752,alwindoor.com
50756,cjbxf.com
50757,huadesuliao.com
50760,longlaicj.com
50761,cunjinpaint.com
50766,comnews.cn
50801,tantuw.com
50804,south-sea.com
50832,chetubao.com
50836,zgyjsb.com
50839,ynrfgz.cn
50843,longwayint.com
50844,174v.com
50885,gzjhckj.com
50887,syqf.org.cn
50892,allychem.com
50919,100njz.com
50919,teknasaddlery.com
50933,cyberpolice.cn
50961,gj0532.com
50965,myagric.com
50985,tapimg.com
50986,imsilkroad.com
51001,zzboyaxun.com
51006,sydsjxzzc.com
51010,uncars.com.cn
51029,dnsv3.com
51036,scxdfmy.cn
51037,cstzjfls.com
51041,ahbdpm.com
51043,gystatic.com
51064,geyiad.com
51066,shoupin-med.com
51085,dqsy.net
51099,cizhu.com
51112,qkmtech.com
51117,huarongdianzi.com
51152,51nwt.com
51154,cibontool.com
51181,lycjy.cn
51184,qrz.cn
51191,cndnbio.com
51228,zjnyxb.cn
51234,zjcrea.com
51235,tansun.com.cn
51236,ideatom.com
51253,xiushuang.com
51269,cougarsci.com
51318,l-yh.com
51320,cn-racking.com
51330,hostsir.com
51353,yzggu.com
51357,scwyxy.com
51358,driving-light.cn
51360,zhishuojiaoyu.cn
51393,sbfl.cn
51403,veken-tech.com
51425,hnysyjy.com
51426,idolss.com
51435,youmeiyou.com
51457,wildchina.cn
51517,tplinkcloud.com.cn
51541,zhlead.com
51542,szservo.com.cn
51543,chf163.com
51546,tianmaying.com
51568,dingtalkapps.com
51569,zgshifu.com
51571,sanhuagroup.com
51588,guoshu.la
51598,bjhfjn.com
51604,curry7.net
51607,3987.com
51609,skysrt.com
51634,hengshunmf.com
51636,hudan.cn
51637,dgfasy.com
51639,chmsa.org
51661,xiaogushi.com
51669,my399.com
51689,ddplat.com
51704,13625777838.com
51709,swwy.com
51738,zuoyewang.cc
51739,dlxww.com
51771,zhongsou.net
51779,familylifemag.com
51788,hb-ws.cn
51789,cpjdp.com
51790,callbeihan.com
51792,g-roadlaw.com.cn
51817,adxvip.com
51827,ysfled.com
51830,zjjiajiao.com.cn
51836,xjjgsc.com
51862,tjtianyu.com
51866,ofszs.com
51907,szhailong.com
51929,87311111.com
51935,chuanxibang.com
51937,skbly.com
51980,newssc.org
52005,njhaotejx.com
52021,olympic.cn
52035,hzjl2018.com
52054,sjzjwdz.com
52056,hedajie.com
52062,nyhaiyuan.com
52064,hzwxstv.com
52066,qishunbao.com
52091,16lo.com
52103,moko.cc
52131,cstimer.net
52153,xmhouse.com
52160,texindex.com.cn
52204,smbaike.com
52243,12178.com
52256,gaopuan.org
52257,cnxdds.com
52260,alsrobot.cn
52262,vippai.com
52287,syiptv.com
52299,ycrzsp.com
52303,sztszn.com
52305,hclsw.com
52306,wanteng.com.cn
52331,qdtopsun.com
52337,tjkyhr.com
52340,ymqn.net
52383,taininggeopark.com
52418,ghsmgs.com
52424,hygkit.com
52471,centso.cn
52473,okii.com
52473,zjltdp.com
52474,hengxunnt.com
52485,rivergame.net
52509,sophiatiles.com
52518,prssweld.com
52525,nipic.com
52547,k12china.com
52549,apacificexpo.com
52550,sanminghulan.com
52551,mengendental.com
52554,yedongsc.com
52559,mobanku.com
52567,yuewen.com
52575,finereport.com
52592,sjmcmachine.com
52599,cnaico.com.cn
52603,verycd.com
52628,35nic.com
52636,tzdscl.com
52657,nddaily.com
52658,sdinfo.net
52670,meanspt.com
52671,hasxrkj.com
52703,walajiao.com
52708,xmdaxin.com
52711,kd13shoes.us
52712,hwei.net
52723,gzstv.com
52731,whycj.cn
52747,zkxo.cn
52749,windoor168.com
52786,kuzaimice.com
52790,sooua.com
52791,nice1688.com
52792,xinyayk.com
52797,wangdaitz.com
52846,panguweb.cn
52853,huaruisuji.com
52860,shangbiao.com
52882,jconline.cn
52883,cableabc.com
52885,haierenet.com
52887,blued.cn
52888,tjsldk.com
52891,mingtaidp.com
52897,npcpub.com
52921,0731qljx.com
52953,gzsjsjc.com
52970,350.com
52977,machine365.com
52979,newsyc.com
52983,seglino.com
52985,sechepeng.com
52989,cqsongxia.net
52990,erdosrcb.com
52992,8801.net
52995,ccaabb.com
52998,shanhutech.cn
53014,qipeihui.com
53020,mzhrmy.cn
53023,zcshipinjixie.com
53024,haikielec.com
53028,ricksonbiotech.com
53032,cnmszs.com
53041,ebs.org.cn
53065,hbzkw.com
53097,zhue.com.cn
53104,jnlbjx.com
53106,syhtzx158.com
53108,shljgs.cn
53111,ofilm.com
53126,ke-smartenergy.com
53144,hbsea.cn
53145,qianbaina.com
53146,puw-eptfe.com
53148,e-mp.com.cn
53172,hbshuoyan.com
53173,qckdl.com
53175,soonfar.com
53177,ohzec.com
53218,cqstc.cn
53228,inhe365.com
53236,feedtrade.com.cn
53237,wtzw.com
53260,wuca.net
53286,qianniu.com
53301,shmaozhan.com
53307,chengmei.org.cn
53309,hyj0411.com
53333,nbrc.com.cn
53344,xinhuiys.com
53345,qjconsult.com
53346,ccve.com.cn
53348,ytjiguangqiege.com
53374,aodeer.com.cn
53375,taxpt.cn
53382,52qipin.com
53413,icfpa.cn
53423,fban.cn
53427,yasichen.com
53501,njsygc.com
53504,whmumoon.com
53506,bdqp.com
53507,astvschool.com
53532,zqcn.com.cn
53539,yfscdn.net
53539,qqyy.com
53547,jlwanchang.com
53548,jsfwqhs.com
53580,hyzhqg.com
53586,zhifu118.com
53588,jingyuzui.cn
53593,rrjc.com
53618,jc35.com
53648,hkbea.com.cn
53676,tdz1688.cn
53702,kedaqingzhu.com
53704,ly12t.cn
53706,jiumaanbao.com
53709,jiahenglock.com
53710,huanbohainews.com.cn
53740,abcd-led.com
53744,tribos.com.cn
53753,xing8.net
53775,taihe.com
53796,whyaotai.com
53797,zhdbds.com
53855,maskfmj.com
53858,chintautoparts.com
53893,bj-gyx.com
53895,rongyuhua.com
53895,999che.com
53897,juequn.com
53900,ebgcn.com
53901,qhcxzb.com
53902,jxlzxh.cn
53912,sdangel.net
53925,ccin.com.cn
53935,ecmoban.com
53938,togothermany.cn
53951,lvtai.net
53952,sh-glkj.com
53954,ahchoi-hk.com
53996,rui2.net
54003,165183.com
54004,tzheps.com
54005,cchamy.com
54008,lakeji.com
54041,sanqino.cn
54045,wondershare.fr
54080,thiscc.com
54083,greenpackaging.org.cn
54114,dlyyjx.cn
54118,bkgkpj.com
54154,qwlworld.com
54156,njmljz.com
54159,taisau.com
54162,christianlouboutinoutlet.us
54188,njjchjgc.com
54190,qshlib.com
54191,pxbt.com
54192,hdhybj.cn
54193,paiyusd.com
54196,yzwxhb.com
54227,jnia.cn
54234,hfsxzx.com
54278,wxqbbxg.com
54285,qddz.com.cn
54291,xunshang.cc
54307,xnyy.cn
54348,huashiaz.com
54397,sdhsmg.com
54399,wxykt.com
54419,ypptech.com.cn
54437,komect.com
54439,kuaizhan.com
54444,51829.cn
54461,qdhr.net
54484,zsmanyi.com
54516,phghmym.com
54519,18-du.com
54520,njlongjun.com
54521,ahrestygz.com
54540,ireader.com
54554,urbanchina.org
54569,chineseall.cn
54577,future9999.com
54578,rsssss.com
54584,bffoo.com
54603,myfule.com
54626,hzhxtfsb.com
54660,365azw.com
54666,buxinyuan.com
54668,minweixian.cn
54669,nwumba.com
54678,0912666.com
54682,huac-healthcare.com
54700,szrd.com
54723,dgpdglt.com
54737,panewslab.com
54738,hana-ind.com
54742,taowenhua.cn
54787,woniu.com
54789,agrichem.cn
54797,haishihuazj.com
54884,qulingcloud.com
54900,766.com
54905,rainbowsoft.org
54915,moneyweekly.com.cn
54949,cphoto.net
54951,hzzxk.com
54952,zjnykx.cn
54953,hgepgk.com
54954,wtxsm.com
54955,njsadz.com
54956,sryyb.com
54959,zhongguopeixun.net
55000,hndichao.com
55002,yun-han.com
55025,duoic.com
55103,ikjzd.com
55111,gzltw.cn
55124,lysamei.com
55131,ickind.com
55132,bjyimeida.com
55137,bdyllzyy.com
55138,nitago.com
55168,jljsbz.com
55170,golden-wing.com.cn
55206,shmmw.com
55221,vinkki-jewelry.com
55222,gdrice.cn
55271,7i24.com
55279,yamin-sh.com
55280,cnwain.com
55283,orientcasa.com
55289,ayrc.net
55307,51jobcdn.com
55318,hnznas.com
55319,hong-sai.com
55320,htyyyc.com
55325,zghyyx.com
55346,icebox.cn
55357,360bxyf.com
55362,ybxww.com
55388,cqjint.com
55395,italiacolore.cn
55397,njgszc.com.cn
55405,wzfb.cn
55441,jsjyjszp.cn
55443,cpcifdata.org.cn
55482,kuakao.com
55484,jnseed.cn
55487,clec.com.cn
55489,anbound.com
55491,hqshda.com
55493,qz828.com
55494,hi-vision.com.cn
55530,fsyakeqi.com
55538,vitechnology.com.cn
55540,chnjk.com
55556,sunyard.com
55574,all-sun.com
55590,programtek.com
55602,youxi2020.cn
55624,zgqlfyt.com
55627,nobleroyce.com
55630,bxbio.com
55634,21csp.com.cn
55666,8700737.com
55667,zsdiandian.com
55671,cnledw.com
55673,edukeys.cn
55682,pengyou.com
55699,iczsq.com
55701,bxlgjt.com
55709,tazhongyi.com
55710,yijue1.com
55717,zaijia.com
55723,goumin.com
55730,sk1999.com
55750,cqwsdp.com
55751,fulizi365.com
55758,baidajob.com
55796,zusun.com
55818,bonsaii.com
55853,lookhot.com.cn
55855,btlsearch.com
55873,yuhaotiandi.net
55875,sxhhkd.cn
55878,qgmy365.com
55880,zyfx.cn
55901,ce.cn
55909,cxrlinguistics.com
55913,71.am
55915,njyfhb.cn
55916,longjia-door.com
55932,cnmstl.net
55952,jiukuaicun.com
55954,hebeiza.com
55956,htjsgf.com
55957,sinten.cn
56001,szjingjinkeji.com
56007,geevo.net
56009,boslon.com
56027,sanygroup.com
56040,hdzc.net
56046,pansck.com
56051,izuiyou.com
56051,qdlishan.com
56054,waterjetapw.com
56090,toutiaoyule.com
56125,rhy123.com
56136,cqhcxcl.cn
56137,szzld.com
56139,njtnbf.com
56172,dobeny.com
56183,yuechehome.cn
56196,ejxxf.com
56212,kaixian.tv
56224,yzxyq.cn
56227,sxsqjs.com
56232,bgys365.com
56250,edushu.co
56272,52design.com
56278,yuan-interior.com
56323,lepugene.com
56363,parkdance.cn
56364,baishilongmlm.com
56365,suo-lang.com
56369,longshannet.com
56376,xmbankonline.com
56406,fireplacess.com
56409,028office.com
56414,tcl023.net
56416,tkgarden.cn
56451,hobovar.cn
56457,hzds100.com
56466,ntalker.com
56496,xyach.com
56499,hreqi.com
56500,htqifu.com
56502,sysu-pharm.com
56505,glafly.com
56506,medictop.com
56534,ahbxx.com
56584,jyttgg.com
56587,itg88.com
56588,lnsjkx.com
56592,ciiip.com
56594,esczmw.com
56597,indgoods.com
56598,czhybw.com
56635,gocom.cn
56637,jin-yang.com
56638,sxczblc.com
56640,changchen.net
56664,ablivf.com
56682,jingkaiyuan.com
56686,nyhuashibo.com
56726,shuhai.com
56729,hnszey.com
56740,ni8.com
56764,zxdyw.com
56779,zbnews.net
56793,gbxx.fun
56820,chinadongxie.com
56824,ahkaiye.com
56825,ign.com.cn
56826,cnocsc.com
56827,kn-hz.com
56830,gzclddq.com
56831,gjgwy.org
56833,iktvb.com
56864,6pc.cn
56871,bjwxzc.com
56874,xgforging.com
56875,wsfair.com
56881,aotian.com
56907,cga.com.cn
56922,heiyililiang.com
56932,weiaihunli.cn
56933,pc89.com
56934,dynavolt.net
56964,mzres.com
56967,dgwewin.com
56969,086v.com
56975,songkejixie.com
57011,meiyangcanhe.com
57013,aa-cdn.net
57065,gzlyzl.com
57069,zeyang100.com
57099,iceo.com.cn
57117,teloon.com
57143,adtchrome.com
57167,yinwente.com
57168,happyoffice.com.cn
57254,kuaidi.com
57259,dwl888.com
57269,moxin100.com
57290,jysd.com
57315,liaosam.com
57319,liebiao.com
57338,hongen.com
57341,jiancai.com
57364,cdlfcj.com
57366,ahfjyl.cn
57375,fbaba.net
57385,kongyangguoxue.com
57401,texintx.com
57414,chinamaco.cn
57417,bjhtjy.cn
57455,jzkx.org
57460,glseed-mall.com
57481,sogoke.com
57482,bidadk.com
57494,shamoji13.com
57499,jsghslawfirm.com
57502,qiutm.net
57504,xfjddq.com
57524,foods1.com
57541,yfszd.com
57542,lykql.com
57544,wetherm.com
57550,cpase.org.cn
57580,sansinasia.cc
57584,njhdjc.com
57587,sky-culture.com
57588,haoyisheng.com
57590,yinbaitu.com
57624,chinaswitches.com
57628,sxsei.org
57632,dehualou.com
57638,mxjyxx.com
57675,nijianzhi.com
57683,mekea.com.cn
57714,zhongqiaojt.com
57726,ftlscm.com
57727,syncor.net
57728,nmoon8.com
57732,zhihantuwen.com
57760,myalicdn.com
57770,jxfc365.com
57780,qingxi.cn
57781,jnchenkai.com
57800,codpath.com
57821,jiuzhou023.com
57825,twjbg.com
57831,sxdcip.com
57833,laoyoujiaju.com
57836,rowbye.com
57878,eyow.com.cn
57881,cnhxgs.com
57882,dgguanda.com
57886,gzykt.com
57888,ythaoge.com
57935,chinabidding.cn
57937,86516.com
57950,ouzhou.cc
57951,mengniu.com.cn
57951,haazp.com
57967,happyelements.com
58001,tamaegis.com
58014,365yg.com
58016,jlzjhr.com
58019,xinda-chemical.com
58039,dooland.com
58046,jzyt.net
58058,sxydf.org.cn
58062,yorda.cn
58080,dongeren.cn
58082,beidouauto.com
58099,guiyuanpu.com
58102,china-haojiayuan.com
58106,jumpingmag.com
58110,lianyuxuetang.com
58112,bjjishi.com
58119,quannengxue.cn
58145,maxqueen.com
58147,edu11.net
58186,estrongs.com
58189,fogcloud.io
58201,banben.cn
58203,hunancatv.com
58205,aixin119.cn
58207,shangducw.com
58208,rili.com.cn
58240,gyhuici.com
58242,wxqwbxg.com
58243,xyoverseas.com
58247,cqsya.com
58254,balabala.com.cn
58259,s-h-meter.com
58269,bfme.com
58280,xiren.com.cn
58284,ywcl28.com
58285,sakura016.top
58318,scanmaxai.com
58344,lvlvlvyou.com
58345,bjzdfy.com.cn
58346,gzhpjstz.com
58349,khmm.com.cn
58363,yqdnwx.com
58368,mytianhui.com
58387,hzfeirun.com
58391,rijiazhuangshi.com
58431,jsyanuo.com
58432,szjypx.cn
58436,icasiso.com
58441,bangben.net
58443,hwyb.cn
58449,shyndec.com
58466,99huw.com
58482,shsahsh.com
58488,ebswax.com
58506,hpplay.com.cn
58523,hormuz.cn
58530,sz-jxcore.com
58532,lihewuye.cn
58533,cgcvc.com
58571,nxjs.org
58578,china-bid.com.cn
58579,mqspack.com
58580,airmaxoutletsaleus.com
58610,hklq.cn
58611,sncsgj.com
58618,cpmin.cn
58655,slyrj.com
58660,neiyang.org
58665,tuili.com
58675,wrzc.net
58683,qixing123.com
58707,gzfthb.com
58708,369smart.cn
58711,cxsz.org
58715,wanming.com
58726,szcod.shop
58758,hdjc888.com
58759,52gfgf.com
58760,hdpro.com.cn
58768,hzrg.com.cn
58786,gwadar.cn
58799,bak365.net
58802,e-daele.com
58803,yegaochemical.com
58805,njtete.com
58811,wanhao3dprinter.com
58857,dcfund.com.cn
58874,shibang.cn
58889,xfgroup.cn
58891,chanceetoys.com
58898,xrqhq.com
58908,adadassuperstar.com
58924,china-acg.com
58952,sjzxyhb.com
59001,wlqxly.com
59002,qiansy99.com
59005,yuanpengdianre.com
59008,lywywl.com
59009,jason-steel.com
59038,douguo.com
59042,wddns.net
59054,966121.com
59058,pentujqr.cn
59059,njgaocheng.com
59061,hbyirunxin.com
59074,xiao84.com
59079,xn--cckcdphah3fyi0ezjx165b.com
59085,uriminzokkiri.com
59108,xunjiepdf.com
59121,foxmail.com.cn
59141,wangpingju.com
59144,yunleerp.com
59148,hyupjin.net
59152,ysl.cn
59155,veken.com
59191,wzimt.com
59193,tjanbin.com
59234,jldde.com
59235,zjsbmy.com
59236,leongroup.cn
59242,hvactest.cn
59276,shenzhoufu.com
59282,china-tuogu.com
59285,szaidehua.com
59286,suofeiyinghua.com
59311,c-dy.cc
59361,zsxq.com
59414,a963.com
59419,xingdoutang.com
59468,bjlzd.com
59470,trkjbj.com
59471,omowork.com
59472,lctxjg.com
59498,cnetnews.com.cn
59522,xcsyxx.org
59528,combi.com.cn
59560,hljsyxh.org
59564,shanghang.net
59606,cdyee.com
59607,hxssf.com
59615,sh-jyfm.com
59644,cgbaoku.com
59668,cqgdsh.org
59680,whxghd.com
59717,scomtp.cn
59721,pzhjhny.com
59768,biobw.org
59808,ldnews.cn
59820,chinasanleng.com
59824,boce168.cn
59861,fwsir.com
59869,zgsdys.cn
59871,gomertech.cn
59872,srcun.net
59885,weiweixiaowu.com
59905,008zixun.com
59914,sszvoice.com
59915,cndpowerup.com
59916,ngosh.com
59919,bzhxyc.com
59924,zizhupark.com
59953,tdsi.com.cn
59954,shuyijiaoyu.com
59959,hnyddt.cn
59962,imiano.com
59963,etron.cn
59973,0511ren.com
59987,nowec.com
60008,wxzjyjs.cn
60011,chetx.com
60012,cqxiaowaji.com
60013,hefeimarathon.com
60020,jzjob007.com
60046,flash8.net
60060,ljmsw.cn
60062,fengqianglife.com
60064,wom360.com
60083,patozon.net
60100,litizi.net
60105,jtxfgc.com
60106,mengguyu.com
60108,lawpeng.com
60133,ctsheji.com
60146,babymozart.cc
60147,tws-nj.com
60149,czshengyu.com
60155,roay.cn
60185,qy6.com
60199,kaifengjuhua.cn
60201,ydxzxmr.com
60203,chnexpo365.com
60205,taofuli8.cn
60206,dsan.cn
60246,67.com
60252,zgmyfz.com
60255,52by.com
60255,cpmin.com
60297,zhiyin.cn
60307,roborock.com
60307,aastocks.com.cn
60313,china-hei.com
60317,4v210-08.net
60344,xxtaiqiu.com
60349,bjtonghui.com
60351,ctgf163.com
60355,bjsyzn.com
60356,szkrjn.com
60359,fineedu.cn
60374,huoche.com.cn
60397,yunos.com
60400,35go.net
60403,everimaging.cn
60403,szkingdom.com.cn
60421,hbrc.com.cn
60433,finzfin.com
60434,esafety.cn
60456,maxhub.vip
60485,nanaholyjd.com
60494,sudi19.com
60503,allscore.com
60505,csichanguang.com.cn
60533,northeurope.com.cn
60540,chanyeguihua.com
60559,yszq.net
60568,atintl.com.cn
60569,zgsycw.com
60575,yjyxs.com
60601,jxufe.cn
60603,sxrtv.com
60618,yingouwang.com
60621,anfute.cn
60625,new5320.com
60627,jied717.com
60629,yjhbjc.com
60681,hduc.cn
60687,crsic.cn
60702,emojiall.com
60726,ydchongcao.com
60727,emc12.com
60728,chinaetea.com
60747,fontke.com
60791,leadstecgz.com
60794,meibu.net
60829,ronghuisign.com
60833,vocscl.com
60834,jngfjc.com
60856,newegg.cn
60885,eb.com.cn
60886,taierzl.com
60888,ahscyc.com
60889,yftygs.com
60893,ckjdz.com
60895,jiagumould.com
60897,thltd.com
60905,dalujgjs.cn
60913,byzbw.com
60932,huaxi100.com
60942,zgqzswdx.cn
60943,zjgdjjx.com
60945,tszhongtian.com
60968,xady.net
60991,aqzxfc.com
60996,jyslpg.com
60997,clhyjbz.com
61002,2017nikeairmax.us
61030,qinbei.com
61037,hbksp.com
61047,baoxinxinda.com
61052,cnhei.cn
61092,zwhch.org
61094,zlhd.net
61096,wxbsgc.com
61101,runhome.com.cn
61126,l4d2.cc
61145,mcx666.com
61153,crbbearing.com
61157,bamip.cn
61158,jhxywl.com
61160,tianshuo.com.cn
61163,njjnyq.com
61166,hxosta.cn
61173,yxsbep.com
61212,jshasl.com
61217,hznhgt.com
61218,guyumarket.com
61222,52bdt.com
61241,szhr.com.cn
61263,hn-hbs.cn
61271,hdw.top
61282,vdhm.com.cn
61317,cbcpharm.com
61380,njjhly.com
61386,aixuetuan.com
61430,hoho-ornament.com
61434,btjttz.com
61439,szgs123.cn
61477,fjhbhg.com
61477,lfsthk.com
61479,hebmtdz.com
61481,chiptrack.com.cn
61499,mercedes-benzarena.com
61501,meiritoucai.com
61533,hj.cn
61540,guifan88.com
61584,hzslzb.com
61587,cpvzone.com
61594,gxok.com
61645,uyueinfo.com
61650,welovead.com
61654,sjzzzf.com
61685,aldwx.com
61708,taihu.org.cn
61713,relong.net
61716,yundabao.com
61758,leemin.com.cn
61763,chinaspv.com
61791,bilingo.com
61794,gzhhty.com
61798,dmtjf.cn
61805,lashangyin.net
61814,g3user.com
61828,fxxcar.com
61838,cmacredit.org
61852,fzyitao.cn
61855,chahua.org
61885,seekchem.com
61896,soft6.com
61909,mikannovel.com
61926,coodir.com
61943,tt.cn
61956,unicone.com.cn
61960,xjrmcbzs.com
61982,cqdiping.cn
62004,gaosheng56.com
62005,hunanjitai.com
62013,iaviva.com
62048,jobeast.com
62054,lanhailantian.com
62055,zjchina.org
62077,51uc.com
62099,vslead.com
62101,trkj518.com
62103,wlhqnb.com
62104,vlpsz.com
62107,sg-expo.cn
62109,sd-renxinjx.com
62133,csjxdww.com
62155,gjwhzj.cn
62156,zjkmjjx.com
62212,icarehome.net
62215,qxshucai.com
62244,bosszhipin.com
62247,sanyuen.com.hk
62249,hljtjcx.com
62253,xingyida168.com
62281,suliaogui.com
62288,sw-tl.com
62295,hsrd.cc
62297,myrushbox.com
62299,nntv.cn
62344,wfihs.com
62345,hzdxgg.com
62350,jkcsjd.com
62392,pack.cn
62403,medmed.com.cn
62404,robots-edu.com
62453,lcatj.com.cn
62455,fzxb.org.cn
62457,gxylgc.com
62461,yuyuhu.com
62464,shpoli.com
62466,hualibaba.com
62472,029jiuda.com
62518,hbkpa.com
62541,lhxh.cn
62543,yilianjiaju.com
62551,baidupan.com
62567,hzdfzc.com
62569,chinacar.com.cn
62575,xnrds.cn
62576,jinwokeji.com
62578,jianyuansw.com
62580,ttfq.net
62596,autofan.com.cn
62603,528.com.cn
62626,hczsqjy.com
62633,zmdjs.cn
62635,homergroups.com
62637,3t.cn
62638,400.cn
62659,cpu668.com
62682,cere.cc
62701,chinarobtop.com
62732,zjesz.com
62738,parentingfair.com
62778,8765321.com
