1,apple.com
2,www.google.com
3,youtube.com
4,microsoft.com
5,www.blogger.com
6,support.google.com
7,play.google.com
8,cloudflare.com
9,en.wikipedia.org
10,mozilla.org
11,youtu.be
12,linkedin.com
13,maps.google.com
14,wordpress.org
15,docs.google.com
16,sites.google.com
17,drive.google.com
18,vimeo.com
19,accounts.google.com
20,europa.eu
21,plus.google.com
22,googleusercontent.com
23,adobe.com
24,line.me
25,vk.com
26,es.wikipedia.org
27,github.com
28,facebook.com
29,amazon.com
30,uol.com.br
31,cnn.com
32,bp.blogspot.com
33,istockphoto.com
34,bbc.co.uk
35,forbes.com
36,hugedomains.com
37,bbc.com
38,developers.google.com
39,get.google.com
40,issuu.com
41,slideshare.net
42,gstatic.com
43,nytimes.com
44,medium.com
45,fr.wikipedia.org
46,pt.wikipedia.org
47,whatsapp.com
48,google.com.br
49,dropbox.com
50,nih.gov
51,opera.com
52,news.google.com
53,creativecommons.org
54,msn.com
55,wikimedia.org
56,washingtonpost.com
57,google.de
58,live.com
59,mail.ru
60,feedburner.com
61,imdb.com
62,google.fr
63,myspace.com
64,globo.com
65,paypal.com
66,t.me
67,dailymotion.com
68,google.es
69,policies.google.com
70,www.yahoo.com
71,w3.org
72,mail.google.com
73,jimdofree.com
74,reuters.com
75,google.co.jp
76,theguardian.com
77,telegram.me
78,harvard.edu
79,office.com
80,goo.gl
81,amazon.de
82,de.wikipedia.org
83,www.wikipedia.org
84,mediafire.com
85,files.wordpress.com
86,indiatimes.com
87,android.com
88,bloomberg.com
89,ok.ru
90,fb.com
91,wired.com
92,myaccount.google.com
93,google.pl
94,photos.google.com
95,aliexpress.com
96,tinyurl.com
97,bing.com
98,google.ru
99,foxnews.com
100,amazon.co.uk
101,cpanel.com
102,4shared.com
103,huffingtonpost.com
104,ft.com
105,pinterest.com
106,independent.co.uk
107,businessinsider.com
108,ig.com.br
109,telegraph.co.uk
110,aol.com
111,lefigaro.fr
112,hatena.ne.jp
113,dailymail.co.uk
114,thesun.co.uk
115,google.co.uk
116,translate.google.com
117,ipv4.google.com
118,themeforest.net
119,usatoday.com
120,elpais.com
121,scribd.com
122,webmd.com
123,wikia.com
124,archive.org
125,dan.com
126,google.it
127,search.google.com
128,fandom.com
129,namecheap.com
130,picasaweb.google.com
131,plesk.com
132,id.wikipedia.org
133,terra.com.br
134,mirror.co.uk
135,marketingplatform.google.com
136,cpanel.net
137,gravatar.com
138,un.org
139,amazon.co.jp
140,samsung.com
141,news.yahoo.com
142,networkadvertising.org
143,bit.ly
144,ebay.com
145,steampowered.com
146,cnet.com
147,latimes.com
148,booking.com
149,who.int
150,buydomains.com
151,tools.google.com
152,abcnews.go.com
153,rakuten.co.jp
154,youronlinechoices.com
155,draft.blogger.com
156,nasa.gov
157,www.gov.uk
158,abril.com.br
159,wsj.com
160,aboutads.info
161,cdc.gov
162,books.google.com
163,twitter.com
164,time.com
165,it.wikipedia.org
166,change.org
167,nginx.org
168,liveinternet.ru
169,yandex.ru
170,pixabay.com
171,addthis.com
172,thetimes.co.uk
173,ggpht.com
174,e-recht24.de
175,hm.com
176,privacyshield.gov
177,dw.com
178,addtoany.com
179,code.google.com
180,berkeley.edu
181,scoop.it
182,quora.com
183,amzn.to
184,gizmodo.com
185,chicagotribune.com
186,guardian.co.uk
187,umich.edu
188,gmail.com
189,bloglovin.com
190,enable-javascript.com
191,urbandictionary.com
192,ibm.com
193,lemonde.fr
194,www.weebly.com
195,ria.ru
196,ox.ac.uk
197,my.yahoo.com
198,gnu.org
199,weibo.com
200,google.nl
201,imageshack.us
202,columbia.edu
203,rapidshare.com
204,newsweek.com
205,ovh.net
206,kickstarter.com
207,economist.com
208,afternic.com
209,npr.org
210,cbsnews.com
211,www.wix.com
212,mashable.com
213,yahoo.co.jp
214,britannica.com
215,netvibes.com
216,buzzfeed.com
217,techcrunch.com
218,nypost.com
219,finance.yahoo.com
220,mozilla.com
221,noaa.gov
222,akamaihd.net
223,photos1.blogger.com
224,instructables.com
225,secureserver.net
226,apache.org
227,hp.com
228,ietf.org
229,nokia.com
230,wikihow.com
231,amazon.es
232,ovh.com
233,oup.com
234,whitehouse.gov
235,stackoverflow.com
236,wp.com
237,yelp.com
238,depositfiles.com
239,m.wikipedia.org
240,bandcamp.com
241,amazon.fr
242,search.yahoo.com
243,playstation.com
244,000webhost.com
245,discord.gg
246,walmart.com
247,ign.com
248,abc.net.au
249,naver.jp
250,elmundo.es
251,bp2.blogger.com
252,ted.com
253,list-manage.com
254,google.com.tw
255,hollywoodreporter.com
256,biglobe.ne.jp
257,google.co.in
258,trustpilot.com
259,smh.com.au
260,sapo.pt
261,mysql.com
262,forms.gle
263,detik.com
264,spiegel.de
265,vice.com
266,ru.wikipedia.org
267,repubblica.it
268,www.over-blog.com
269,yadi.sk
270,researchgate.net
271,instagram.com
272,nicovideo.jp
273,news.com.au
274,disqus.com
275,goo.ne.jp
276,loc.gov
277,php.net
278,storage.googleapis.com
279,netflix.com
280,ovh.co.uk
281,ja.wikipedia.org
282,express.co.uk
283,picasa.google.com
284,asus.com
285,nydailynews.com
286,yale.edu
287,rtve.es
288,usnews.com
289,mega.nz
290,alibaba.com
291,deezer.com
292,shutterstock.com
293,digg.com
294,nationalgeographic.com
295,princeton.edu
296,cnil.fr
297,rt.com
298,abc.es
299,ytimg.com
300,nvidia.com
301,20minutos.es
302,corriere.it
303,pl.wikipedia.org
304,google.ca
305,engadget.com
306,skype.com
307,espn.com
308,welt.de
309,nature.com
310,gofundme.com
311,vox.com
312,cornell.edu
313,cnbc.com
314,disney.com
315,eventbrite.com
316,godaddy.com
317,stanford.edu
318,tripadvisor.com
319,theglobeandmail.com
320,rambler.ru
321,unesco.org
322,oracle.com
323,twitch.tv
324,bp0.blogger.com
325,metro.co.uk
326,bitly.com
327,pbs.org
328,sendspace.com
329,doubleclick.net
330,academia.edu
331,standard.co.uk
332,sciencemag.org
333,soundcloud.com
334,interia.pl
335,nikkei.com
336,surveymonkey.com
337,allaboutcookies.org
338,washington.edu
339,blackberry.com
340,cambridge.org
341,ea.com
342,naver.com
343,ikea.com
344,box.com
345,psychologytoday.com
346,newyorker.com
347,wiley.com
348,wa.me
349,sciencedirect.com
350,nbcnews.com
351,google.co.id
352,greenpeace.org
353,nginx.com
354,photobucket.com
355,cbc.ca
356,spotify.com
357,shopify.com
358,huffpost.com
359,adssettings.google.com
360,zendesk.com
361,theverge.com
362,xbox.com
363,utexas.edu
364,about.com
365,sfgate.com
366,dell.com
367,icann.org
368,t.co
369,ziddu.com
370,sedo.com
371,brandbucket.com
372,goodreads.com
373,worldbank.org
374,sciencedaily.com
375,sputniknews.com
376,variety.com
377,target.com
378,theatlantic.com
379,mit.edu
380,googleblog.com
381,groups.google.com
382,bp1.blogger.com
383,symantec.com
384,asahi.com
385,businesswire.com
386,ebay.co.uk
387,so-net.ne.jp
388,m.me
389,sky.com
390,sakura.ne.jp
391,zeit.de
392,ca.gov
393,consumerreports.org
394,statista.com
395,outlook.com
396,slate.com
397,discovery.com
398,gutenberg.org
399,thestar.com
400,politico.com
401,indiegogo.com
402,axs.com
403,sports.yahoo.com
404,dreniq.com
405,techradar.com
406,merriam-webster.com
407,mhlw.go.jp
408,marriott.com
409,fortune.com
410,mercurynews.com
411,thehill.com
412,amazon.it
413,a8.net
414,elsevier.com
415,airbnb.com
416,pcmag.com
417,cmu.edu
418,xinhuanet.com
419,weforum.org
420,sina.com.cn
421,offset.com
422,house.gov
423,newscientist.com
424,tes.com
425,debian.org
426,rollingstone.com
427,teamviewer.com
428,disney.go.com
429,archives.gov
430,megaupload.com
431,mail.yahoo.com
432,ameblo.jp
433,behance.net
434,geocities.com
435,searchenginejournal.com
436,public-api.wordpress.com
437,ndtv.com
438,udemy.com
439,cisco.com
440,www.canalblog.com
441,adweek.com
442,qz.com
443,csmonitor.com
444,iubenda.com
445,usgs.gov
446,lycos.com
447,cbslocal.com
448,amazon.ca
449,irs.gov
450,steamcommunity.com
451,dribbble.com
452,intel.com
453,about.me
454,wiktionary.org
455,orange.fr
456,fifa.com
457,marketwatch.com
458,ieee.org
459,epa.gov
460,viagens.com.br
461,coursera.org
462,blog.fc2.com
463,qq.com
464,thedailybeast.com
465,foursquare.com
466,fastcompany.com
467,xing.com
468,stuff.co.nz
469,livescience.com
470,zdnet.com
471,amazon.in
472,redhat.com
473,tabelog.com
474,answers.com
475,springer.com
476,rottentomatoes.com
477,prezi.com
478,mystrikingly.com
479,answers.yahoo.com
480,prnewswire.com
481,kinja.com
482,calameo.com
483,medicalnewstoday.com
484,lifehacker.com
485,narod.ru
486,daum.net
487,cia.gov
488,digitaltrends.com
489,feedproxy.google.com
490,viglink.com
491,oreilly.com
492,pexels.com
493,investopedia.com
494,espn.go.com
495,ubuntu.com
496,cocolog-nifty.com
497,rediff.com
498,parallels.com
499,psu.edu
500,imgur.com
